featureid	state	dot_district	county	town
201473434	Vermont	1	Windham	Stratton
201473435	Vermont	1	Windham	Stratton
201473448	Vermont	1	Windham	Stratton
201473449	Vermont	1	Windham	Stratton
201473554	Vermont	1	Windham	Stratton
201473555	Vermont	1	Windham	Stratton
201473682	Vermont	1	Windham	Stratton
201473683	Vermont	1	Windham	Stratton
201473794	Vermont	1	Windham	Sunderland
201473794	Vermont	1	Windham	Stratton
201473794	Vermont	1	Bennington	Sunderland
201473794	Vermont	1	Bennington	Stratton
201473895	Vermont	1	Windham	Stratton
201473846	Vermont	1	Windham	Stratton
201473847	Vermont	1	Windham	Stratton
201473795	Vermont	1	Windham	Stratton
201473806	Vermont	1	Windham	Sunderland
201473806	Vermont	1	Windham	Stratton
201473806	Vermont	1	Bennington	Sunderland
201473806	Vermont	1	Bennington	Stratton
201473805	Vermont	1	Windham	Stratton
201474006	Vermont	1	Windham	Stratton
201473826	Vermont	1	Windham	Sunderland
201473826	Vermont	1	Windham	Stratton
201473826	Vermont	1	Bennington	Sunderland
201473826	Vermont	1	Bennington	Stratton
201473815	Vermont	1	Windham	Sunderland
201473815	Vermont	1	Windham	Stratton
201473815	Vermont	1	Bennington	Sunderland
201473815	Vermont	1	Bennington	Stratton
201474169	Vermont	1	Windham	Stratton
201474169	Vermont	1	Windham	Somerset
201473896	Vermont	1	Windham	Stratton
201474007	Vermont	1	Windham	Stratton
201474168	Vermont	1	Windham	Stratton
201474113	Vermont	1	Windham	Sunderland
201474113	Vermont	1	Windham	Stratton
201474113	Vermont	1	Bennington	Sunderland
201474113	Vermont	1	Bennington	Stratton
201474093	Vermont	1	Windham	Stratton
201474114	Vermont	1	Windham	Stratton
201474179	Vermont	1	Windham	Stratton
201474332	Vermont	1	Windham	Sunderland
201474332	Vermont	1	Windham	Stratton
201474332	Vermont	1	Windham	Somerset
201474332	Vermont	1	Bennington	Sunderland
201474332	Vermont	1	Bennington	Stratton
201474332	Vermont	1	Bennington	Somerset
201474132	Vermont	1	Windham	Stratton
201474376	Vermont	1	Windham	Stratton
201474376	Vermont	1	Windham	Somerset
201474184	Vermont	1	Windham	Stratton
201474184	Vermont	1	Windham	Somerset
201474375	Vermont	1	Windham	Stratton
201474375	Vermont	1	Windham	Somerset
201474333	Vermont	1	Windham	Stratton
201474333	Vermont	1	Windham	Somerset
201474438	Vermont	1	Windham	Stratton
201474438	Vermont	1	Windham	Somerset
201474400	Vermont	1	Windham	Sunderland
201474400	Vermont	1	Windham	Stratton
201474400	Vermont	1	Windham	Somerset
201474400	Vermont	1	Bennington	Sunderland
201474400	Vermont	1	Bennington	Stratton
201474400	Vermont	1	Bennington	Somerset
201474401	Vermont	1	Windham	Stratton
201474401	Vermont	1	Windham	Somerset
201474460	Vermont	1	Bennington	Sunderland
201474460	Vermont	1	Bennington	Glastenbury
201474387	Vermont	1	Windham	Somerset
201474424	Vermont	1	Windham	Stratton
201474424	Vermont	1	Windham	Somerset
201474407	Vermont	1	Windham	Somerset
201474437	Vermont	1	Windham	Somerset
201474531	Vermont	1	Windham	Sunderland
201474531	Vermont	1	Windham	Glastenbury
201474531	Vermont	1	Windham	Somerset
201474531	Vermont	1	Bennington	Sunderland
201474531	Vermont	1	Bennington	Glastenbury
201474531	Vermont	1	Bennington	Somerset
201474532	Vermont	1	Windham	Somerset
201474430	Vermont	1	Windham	Somerset
201474587	Vermont	1	Windham	Somerset
201474466	Vermont	1	Bennington	Sunderland
201474466	Vermont	1	Bennington	Glastenbury
201474642	Vermont	1	Bennington	Glastenbury
201474653	Vermont	1	Windham	Stratton
201474653	Vermont	1	Windham	Wardsboro
201474653	Vermont	1	Windham	Dover
201474653	Vermont	2	Windham	Stratton
201474653	Vermont	2	Windham	Wardsboro
201474653	Vermont	2	Windham	Dover
201474588	Vermont	1	Windham	Stratton
201474588	Vermont	1	Windham	Somerset
201474588	Vermont	1	Windham	Dover
201474942	Vermont	1	Windham	Wardsboro
201474942	Vermont	1	Windham	Dover
201474942	Vermont	2	Windham	Wardsboro
201474942	Vermont	2	Windham	Dover
201474819	Vermont	1	Windham	Glastenbury
201474819	Vermont	1	Windham	Somerset
201474819	Vermont	1	Bennington	Glastenbury
201474819	Vermont	1	Bennington	Somerset
201474654	Vermont	1	Windham	Stratton
201474654	Vermont	1	Windham	Wardsboro
201474654	Vermont	1	Windham	Dover
201474654	Vermont	2	Windham	Stratton
201474654	Vermont	2	Windham	Wardsboro
201474654	Vermont	2	Windham	Dover
201474583	Vermont	1	Windham	Wardsboro
201474583	Vermont	1	Windham	Dover
201474583	Vermont	2	Windham	Wardsboro
201474583	Vermont	2	Windham	Dover
201474820	Vermont	1	Windham	Somerset
201474584	Vermont	1	Windham	Dover
201474641	Vermont	1	Bennington	Sunderland
201474641	Vermont	1	Bennington	Glastenbury
201474705	Vermont	1	Windham	Dover
201474696	Vermont	1	Windham	Somerset
201474696	Vermont	1	Windham	Dover
201474695	Vermont	1	Windham	Somerset
201474721	Vermont	1	Bennington	Glastenbury
201474807	Vermont	1	Windham	Dover
201475020	Vermont	1	Windham	Dover
201474706	Vermont	1	Windham	Dover
201474729	Vermont	1	Windham	Somerset
201474779	Vermont	1	Windham	Glastenbury
201474779	Vermont	1	Windham	Somerset
201474779	Vermont	1	Bennington	Glastenbury
201474779	Vermont	1	Bennington	Somerset
201474728	Vermont	1	Windham	Somerset
201474849	Vermont	1	Windham	Dover
201474720	Vermont	1	Bennington	Glastenbury
201474796	Vermont	1	Windham	Somerset
201474796	Vermont	1	Windham	Dover
201474795	Vermont	1	Windham	Somerset
201474860	Vermont	1	Bennington	Glastenbury
201474850	Vermont	1	Windham	Dover
201474778	Vermont	1	Bennington	Glastenbury
201474861	Vermont	1	Bennington	Glastenbury
201474861	Vermont	1	Bennington	Somerset
201474806	Vermont	1	Windham	Somerset
201474806	Vermont	1	Windham	Dover
201474869	Vermont	1	Windham	Somerset
201474902	Vermont	1	Windham	Somerset
201474870	Vermont	1	Windham	Somerset
201474870	Vermont	1	Windham	Dover
201474943	Vermont	1	Windham	Dover
201474868	Vermont	1	Windham	Somerset
201474908	Vermont	1	Bennington	Glastenbury
201474922	Vermont	1	Windham	Glastenbury
201474922	Vermont	1	Windham	Somerset
201474922	Vermont	1	Bennington	Glastenbury
201474922	Vermont	1	Bennington	Somerset
201474918	Vermont	1	Windham	Somerset
201474901	Vermont	1	Windham	Somerset
201474989	Vermont	1	Windham	Somerset
201474969	Vermont	1	Bennington	Glastenbury
201474932	Vermont	1	Windham	Somerset
201474933	Vermont	1	Windham	Somerset
201475035	Vermont	1	Windham	Glastenbury
201475035	Vermont	1	Windham	Somerset
201475035	Vermont	1	Bennington	Glastenbury
201475035	Vermont	1	Bennington	Somerset
201474926	Vermont	1	Windham	Somerset
201474954	Vermont	1	Bennington	Glastenbury
201474966	Vermont	1	Windham	Somerset
201475047	Vermont	1	Windham	Dover
201474988	Vermont	1	Windham	Glastenbury
201474988	Vermont	1	Windham	Somerset
201474988	Vermont	1	Bennington	Glastenbury
201474988	Vermont	1	Bennington	Somerset
201475064	Vermont	1	Windham	Somerset
201475058	Vermont	1	Windham	Somerset
201474980	Vermont	1	Bennington	Glastenbury
201475007	Vermont	1	Bennington	Glastenbury
201475118	Vermont	1	Windham	Somerset
201475063	Vermont	1	Windham	Somerset
201475273	Vermont	1	Windham	Dover
201475273	Vermont	1	Windham	Wilmington
201475048	Vermont	1	Windham	Dover
201475023	Vermont	1	Bennington	Glastenbury
201475045	Vermont	1	Bennington	Glastenbury
201475065	Vermont	1	Windham	Dover
201475418	Vermont	1	Windham	Glastenbury
201475418	Vermont	1	Windham	Somerset
201475418	Vermont	1	Bennington	Glastenbury
201475418	Vermont	1	Bennington	Somerset
201475117	Vermont	1	Windham	Glastenbury
201475117	Vermont	1	Windham	Somerset
201475117	Vermont	1	Bennington	Glastenbury
201475117	Vermont	1	Bennington	Somerset
201475272	Vermont	1	Windham	Dover
201475272	Vermont	1	Windham	Wilmington
201475317	Vermont	1	Windham	Dover
201475317	Vermont	1	Windham	Wilmington
201475329	Vermont	1	Windham	Somerset
201475230	Vermont	1	Windham	Glastenbury
201475230	Vermont	1	Windham	Somerset
201475230	Vermont	1	Bennington	Glastenbury
201475230	Vermont	1	Bennington	Somerset
201475331	Vermont	1	Windham	Somerset
201475331	Vermont	1	Windham	Dover
201475331	Vermont	1	Windham	Wilmington
201475324	Vermont	1	Windham	Somerset
201475316	Vermont	1	Windham	Somerset
201475373	Vermont	1	Windham	Glastenbury
201475373	Vermont	1	Windham	Somerset
201475373	Vermont	1	Bennington	Glastenbury
201475373	Vermont	1	Bennington	Somerset
201475299	Vermont	1	Windham	Dover
201475299	Vermont	1	Windham	Wilmington
201475340	Vermont	1	Windham	Dover
201475340	Vermont	1	Windham	Wilmington
201475451	Vermont	1	Windham	Somerset
201475451	Vermont	1	Windham	Dover
201475451	Vermont	1	Windham	Searsburg
201475451	Vermont	1	Bennington	Somerset
201475451	Vermont	1	Bennington	Dover
201475451	Vermont	1	Bennington	Searsburg
201475318	Vermont	1	Windham	Wilmington
201475298	Vermont	1	Windham	Dover
201475298	Vermont	1	Windham	Wilmington
201475434	Vermont	1	Windham	Dover
201475434	Vermont	1	Windham	Wilmington
201475330	Vermont	1	Windham	Somerset
201475323	Vermont	1	Windham	Somerset
201475339	Vermont	1	Windham	Wilmington
201475453	Vermont	1	Windham	Somerset
201475453	Vermont	1	Windham	Searsburg
201475453	Vermont	1	Bennington	Somerset
201475453	Vermont	1	Bennington	Searsburg
201475367	Vermont	1	Windham	Dover
201475367	Vermont	1	Windham	Wilmington
201475422	Vermont	1	Windham	Dover
201475422	Vermont	1	Windham	Wilmington
201475366	Vermont	1	Windham	Somerset
201475366	Vermont	1	Windham	Searsburg
201475366	Vermont	1	Bennington	Somerset
201475366	Vermont	1	Bennington	Searsburg
201475435	Vermont	1	Windham	Wilmington
201475364	Vermont	1	Windham	Somerset
201475563	Vermont	1	Windham	Somerset
201475563	Vermont	1	Windham	Searsburg
201475563	Vermont	1	Bennington	Somerset
201475563	Vermont	1	Bennington	Searsburg
201475375	Vermont	1	Bennington	Glastenbury
201475513	Vermont	1	Windham	Somerset
201475513	Vermont	1	Windham	Searsburg
201475513	Vermont	1	Bennington	Somerset
201475513	Vermont	1	Bennington	Searsburg
201475462	Vermont	1	Bennington	Glastenbury
201475445	Vermont	1	Windham	Dover
201475445	Vermont	1	Windham	Wilmington
201475452	Vermont	1	Windham	Somerset
201475452	Vermont	1	Windham	Dover
201475452	Vermont	1	Windham	Searsburg
201475452	Vermont	1	Windham	Wilmington
201475452	Vermont	1	Bennington	Somerset
201475452	Vermont	1	Bennington	Dover
201475452	Vermont	1	Bennington	Searsburg
201475452	Vermont	1	Bennington	Wilmington
201475564	Vermont	1	Windham	Wilmington
201475442	Vermont	1	Windham	Wilmington
201475446	Vermont	1	Windham	Wilmington
201475486	Vermont	1	Windham	Wilmington
201475441	Vermont	1	Windham	Wilmington
201475487	Vermont	1	Windham	Wilmington
201475578	Vermont	1	Windham	Wilmington
201475473	Vermont	1	Windham	Wilmington
201475579	Vermont	1	Windham	Wilmington
201475514	Vermont	1	Windham	Dover
201475514	Vermont	1	Windham	Wilmington
201475514	Vermont	1	Windham	Marlboro
201475514	Vermont	2	Windham	Dover
201475514	Vermont	2	Windham	Wilmington
201475514	Vermont	2	Windham	Marlboro
201475454	Vermont	1	Bennington	Searsburg
201475455	Vermont	1	Bennington	Searsburg
201475622	Vermont	1	Bennington	Searsburg
201475490	Vermont	1	Windham	Searsburg
201475490	Vermont	1	Windham	Wilmington
201475490	Vermont	1	Bennington	Searsburg
201475490	Vermont	1	Bennington	Wilmington
201475512	Vermont	1	Windham	Glastenbury
201475512	Vermont	1	Windham	Somerset
201475512	Vermont	1	Windham	Searsburg
201475512	Vermont	1	Bennington	Glastenbury
201475512	Vermont	1	Bennington	Somerset
201475512	Vermont	1	Bennington	Searsburg
201475585	Vermont	1	Windham	Wilmington
201475615	Vermont	1	Windham	Wilmington
201475615	Vermont	1	Windham	Marlboro
201475615	Vermont	2	Windham	Wilmington
201475615	Vermont	2	Windham	Marlboro
201475650	Vermont	1	Windham	Glastenbury
201475650	Vermont	1	Windham	Somerset
201475650	Vermont	1	Windham	Woodford
201475650	Vermont	1	Windham	Searsburg
201475650	Vermont	1	Bennington	Glastenbury
201475650	Vermont	1	Bennington	Somerset
201475650	Vermont	1	Bennington	Woodford
201475650	Vermont	1	Bennington	Searsburg
201475618	Vermont	1	Windham	Somerset
201475618	Vermont	1	Windham	Searsburg
201475618	Vermont	1	Bennington	Somerset
201475618	Vermont	1	Bennington	Searsburg
201475666	Vermont	1	Bennington	Searsburg
201475764	Vermont	1	Windham	Wilmington
201475709	Vermont	1	Bennington	Glastenbury
201475709	Vermont	1	Bennington	Woodford
201475589	Vermont	1	Windham	Wilmington
201475844	Vermont	1	Windham	Wilmington
201475655	Vermont	1	Bennington	Searsburg
201475621	Vermont	1	Windham	Wilmington
201475629	Vermont	1	Bennington	Searsburg
201475692	Vermont	1	Bennington	Searsburg
201475721	Vermont	1	Bennington	Glastenbury
201475721	Vermont	1	Bennington	Woodford
201475721	Vermont	1	Bennington	Searsburg
201475825	Vermont	1	Windham	Wilmington
201475651	Vermont	1	Windham	Wilmington
201475651	Vermont	1	Windham	Marlboro
201475651	Vermont	2	Windham	Wilmington
201475651	Vermont	2	Windham	Marlboro
201475941	Vermont	1	Bennington	Woodford
201475941	Vermont	1	Bennington	Searsburg
201475896	Vermont	1	Windham	Searsburg
201475896	Vermont	1	Windham	Wilmington
201475896	Vermont	1	Bennington	Searsburg
201475896	Vermont	1	Bennington	Wilmington
201475795	Vermont	1	Bennington	Searsburg
201475690	Vermont	1	Bennington	Searsburg
201475763	Vermont	1	Windham	Wilmington
201475835	Vermont	1	Bennington	Searsburg
201475702	Vermont	1	Bennington	Searsburg
201475740	Vermont	1	Bennington	Woodford
201475751	Vermont	1	Bennington	Glastenbury
201475751	Vermont	1	Bennington	Woodford
201475870	Vermont	1	Bennington	Woodford
201475877	Vermont	1	Windham	Wilmington
201475878	Vermont	1	Windham	Wilmington
201475843	Vermont	1	Bennington	Searsburg
201475819	Vermont	1	Bennington	Searsburg
201475851	Vermont	1	Bennington	Searsburg
201475828	Vermont	1	Windham	Wilmington
201475959	Vermont	1	Windham	Wilmington
201476034	Vermont	1	Windham	Wilmington
201475895	Vermont	1	Bennington	Searsburg
201475897	Vermont	1	Windham	Wilmington
201475897	Vermont	1	Windham	Marlboro
201475897	Vermont	2	Windham	Wilmington
201475897	Vermont	2	Windham	Marlboro
201475936	Vermont	2	Windham	Marlboro
201476232	Vermont	2	Windham	Marlboro
201476232	Vermont	2	Windham	Halifax
201475972	Vermont	1	Windham	Wilmington
201476031	Vermont	2	Windham	Marlboro
201476060	Vermont	1	Windham	Wilmington
201475970	Vermont	1	Bennington	Searsburg
201475927	Vermont	1	Windham	Wilmington
201475927	Vermont	1	Windham	Marlboro
201475927	Vermont	2	Windham	Wilmington
201475927	Vermont	2	Windham	Marlboro
201475935	Vermont	2	Windham	Marlboro
201476132	Vermont	1	Bennington	Woodford
201476132	Vermont	1	Bennington	Searsburg
201476107	Vermont	2	Windham	Marlboro
201476107	Vermont	2	Windham	Halifax
201475973	Vermont	1	Windham	Wilmington
201475980	Vermont	2	Windham	Marlboro
201476024	Vermont	2	Windham	Marlboro
201475961	Vermont	1	Bennington	Woodford
201475961	Vermont	1	Bennington	Searsburg
201476011	Vermont	1	Windham	Wilmington
201476011	Vermont	1	Bennington	Wilmington
201476012	Vermont	1	Windham	Wilmington
201475971	Vermont	1	Windham	Wilmington
201476108	Vermont	2	Windham	Marlboro
201476108	Vermont	2	Windham	Halifax
201476089	Vermont	1	Bennington	Woodford
201476089	Vermont	1	Bennington	Searsburg
201476090	Vermont	1	Bennington	Searsburg
201476218	Vermont	2	Windham	Marlboro
201476218	Vermont	2	Windham	Brattleboro
201476218	Vermont	2	Windham	Halifax
201476218	Vermont	2	Windham	Guilford
201475983	Vermont	1	Bennington	Searsburg
201476002	Vermont	1	Windham	Wilmington
201476008	Vermont	1	Windham	Wilmington
201476030	Vermont	2	Windham	Marlboro
201476294	Vermont	2	Windham	Marlboro
201476294	Vermont	2	Windham	Halifax
201476151	Vermont	1	Bennington	Searsburg
201476185	Vermont	2	Windham	Marlboro
201476069	Vermont	1	Bennington	Searsburg
201476033	Vermont	1	Windham	Wilmington
201476086	Vermont	1	Windham	Wilmington
201476058	Vermont	1	Windham	Wilmington
201476042	Vermont	1	Windham	Searsburg
201476042	Vermont	1	Windham	Wilmington
201476042	Vermont	1	Bennington	Searsburg
201476042	Vermont	1	Bennington	Wilmington
201476053	Vermont	1	Windham	Wilmington
201476134	Vermont	2	Windham	Marlboro
201476048	Vermont	1	Windham	Wilmington
201476067	Vermont	1	Windham	Searsburg
201476067	Vermont	1	Windham	Wilmington
201476067	Vermont	1	Bennington	Searsburg
201476067	Vermont	1	Bennington	Wilmington
201476054	Vermont	1	Windham	Wilmington
201476057	Vermont	1	Windham	Wilmington
201476129	Vermont	1	Windham	Wilmington
201476133	Vermont	1	Windham	Searsburg
201476133	Vermont	1	Windham	Wilmington
201476133	Vermont	1	Windham	Readsboro
201476133	Vermont	1	Bennington	Searsburg
201476133	Vermont	1	Bennington	Wilmington
201476133	Vermont	1	Bennington	Readsboro
201476131	Vermont	1	Windham	Wilmington
201476131	Vermont	1	Bennington	Wilmington
201476195	Vermont	1	Windham	Wilmington
201476228	Vermont	1	Bennington	Searsburg
201476228	Vermont	1	Bennington	Readsboro
201476142	Vermont	2	Windham	Marlboro
201476141	Vermont	1	Windham	Wilmington
201476152	Vermont	1	Windham	Wilmington
201476296	Vermont	2	Windham	Marlboro
201476296	Vermont	2	Windham	Halifax
201476199	Vermont	1	Windham	Wilmington
201476177	Vermont	1	Bennington	Searsburg
201476217	Vermont	1	Bennington	Searsburg
201476217	Vermont	1	Bennington	Readsboro
201476211	Vermont	1	Windham	Wilmington
201476205	Vermont	1	Bennington	Woodford
201476205	Vermont	1	Bennington	Searsburg
201476171	Vermont	1	Windham	Wilmington
201476197	Vermont	1	Windham	Wilmington
201476197	Vermont	1	Windham	Marlboro
201476197	Vermont	2	Windham	Wilmington
201476197	Vermont	2	Windham	Marlboro
201476315	Vermont	1	Windham	Wilmington
201476231	Vermont	2	Windham	Marlboro
201476231	Vermont	2	Windham	Halifax
201476302	Vermont	2	Windham	Marlboro
201476302	Vermont	2	Windham	Halifax
201476357	Vermont	2	Windham	Guilford
201476241	Vermont	2	Windham	Marlboro
201476241	Vermont	2	Windham	Halifax
201476241	Vermont	2	Windham	Guilford
201476265	Vermont	1	Bennington	Searsburg
201476265	Vermont	1	Bennington	Readsboro
201476349	Vermont	1	Bennington	Searsburg
201476349	Vermont	1	Bennington	Readsboro
201476348	Vermont	2	Windham	Halifax
201476405	Vermont	1	Windham	Wilmington
201476405	Vermont	1	Windham	Marlboro
201476405	Vermont	1	Windham	Whitingham
201476405	Vermont	1	Windham	Halifax
201476405	Vermont	2	Windham	Wilmington
201476405	Vermont	2	Windham	Marlboro
201476405	Vermont	2	Windham	Whitingham
201476405	Vermont	2	Windham	Halifax
201476384	Vermont	1	Bennington	Woodford
201476384	Vermont	1	Bennington	Searsburg
201476311	Vermont	1	Windham	Wilmington
201476332	Vermont	2	Windham	Halifax
201476312	Vermont	1	Windham	Wilmington
201476404	Vermont	1	Windham	Wilmington
201476404	Vermont	1	Windham	Whitingham
201476408	Vermont	1	Windham	Wilmington
201476427	Vermont	2	Windham	Marlboro
201476427	Vermont	2	Windham	Halifax
201476307	Vermont	2	Windham	Halifax
201476321	Vermont	2	Windham	Halifax
201476305	Vermont	2	Windham	Halifax
201476337	Vermont	2	Windham	Halifax
201476385	Vermont	1	Bennington	Woodford
201476385	Vermont	1	Bennington	Searsburg
201476385	Vermont	1	Bennington	Readsboro
201476388	Vermont	1	Bennington	Searsburg
201476388	Vermont	1	Bennington	Readsboro
201476390	Vermont	1	Windham	Wilmington
201476378	Vermont	1	Windham	Wilmington
201476319	Vermont	1	Windham	Wilmington
201476319	Vermont	1	Windham	Readsboro
201476319	Vermont	1	Bennington	Wilmington
201476319	Vermont	1	Bennington	Readsboro
201476433	Vermont	1	Windham	Wilmington
201476433	Vermont	1	Windham	Whitingham
201476326	Vermont	2	Windham	Halifax
201476392	Vermont	2	Windham	Halifax
201476389	Vermont	1	Bennington	Searsburg
201476389	Vermont	1	Bennington	Readsboro
201476416	Vermont	1	Windham	Wilmington
201476416	Vermont	1	Windham	Readsboro
201476416	Vermont	1	Bennington	Wilmington
201476416	Vermont	1	Bennington	Readsboro
201476391	Vermont	1	Windham	Wilmington
201476393	Vermont	2	Windham	Halifax
201476356	Vermont	2	Windham	Halifax
201476373	Vermont	2	Windham	Halifax
201476373	Vermont	2	Windham	Guilford
201476400	Vermont	1	Bennington	Readsboro
201476374	Vermont	2	Windham	Guilford
201476386	Vermont	2	Windham	Halifax
201476426	Vermont	2	Windham	Marlboro
201476426	Vermont	2	Windham	Halifax
201476414	Vermont	1	Windham	Wilmington
201476414	Vermont	1	Windham	Readsboro
201476414	Vermont	1	Bennington	Wilmington
201476414	Vermont	1	Bennington	Readsboro
201476387	Vermont	2	Windham	Halifax
201476387	Vermont	2	Windham	Guilford
201476442	Vermont	1	Windham	Wilmington
201476442	Vermont	1	Windham	Whitingham
201476379	Vermont	1	Windham	Wilmington
201476379	Vermont	1	Windham	Whitingham
201476420	Vermont	1	Bennington	Woodford
201476420	Vermont	1	Bennington	Readsboro
201476686	Vermont	1	Bennington	Readsboro
201476406	Vermont	1	Windham	Wilmington
201476440	Vermont	1	Bennington	Woodford
201476451	Vermont	1	Bennington	Woodford
201476451	Vermont	1	Bennington	Searsburg
201476451	Vermont	1	Bennington	Readsboro
201476423	Vermont	1	Bennington	Readsboro
201476407	Vermont	1	Windham	Wilmington
201476407	Vermont	1	Windham	Whitingham
201476424	Vermont	1	Windham	Whitingham
201476521	Vermont	1	Windham	Wilmington
201476521	Vermont	1	Windham	Whitingham
201476441	Vermont	1	Windham	Wilmington
201476441	Vermont	1	Windham	Whitingham
201476498	Vermont	1	Windham	Wilmington
201476498	Vermont	1	Windham	Readsboro
201476498	Vermont	1	Windham	Whitingham
201476498	Vermont	1	Bennington	Wilmington
201476498	Vermont	1	Bennington	Readsboro
201476498	Vermont	1	Bennington	Whitingham
201476415	Vermont	1	Windham	Wilmington
201476514	Vermont	1	Bennington	Woodford
201476450	Vermont	1	Bennington	Woodford
201476450	Vermont	1	Bennington	Searsburg
201476450	Vermont	1	Bennington	Readsboro
201476589	Vermont	1	Windham	Whitingham
201476589	Vermont	1	Windham	Halifax
201476589	Vermont	2	Windham	Whitingham
201476589	Vermont	2	Windham	Halifax
201476443	Vermont	1	Windham	Whitingham
201476443	Vermont	1	Windham	Halifax
201476443	Vermont	2	Windham	Whitingham
201476443	Vermont	2	Windham	Halifax
201476432	Vermont	1	Windham	Wilmington
201476432	Vermont	1	Windham	Whitingham
201476529	Vermont	2	Windham	Halifax
201476462	Vermont	1	Windham	Wilmington
201476564	Vermont	1	Windham	Whitingham
201476461	Vermont	1	Windham	Wilmington
201476461	Vermont	1	Windham	Whitingham
201476528	Vermont	2	Windham	Halifax
201476446	Vermont	1	Windham	Whitingham
201476513	Vermont	1	Bennington	Woodford
201476485	Vermont	1	Windham	Whitingham
201476637	Vermont	1	Bennington	Woodford
201476637	Vermont	1	Bennington	Readsboro
201476526	Vermont	1	Windham	Whitingham
201476520	Vermont	1	Windham	Wilmington
201476520	Vermont	1	Windham	Whitingham
201476645	Vermont	2	Windham	Halifax
201476645	Vermont	2	Windham	Guilford
201476578	Vermont	1	Bennington	Woodford
201476555	Vermont	1	Windham	Wilmington
201476555	Vermont	1	Windham	Whitingham
201476612	Vermont	2	Windham	Halifax
201476543	Vermont	2	Windham	Halifax
201476622	Vermont	1	Bennington	Readsboro
201476640	Vermont	1	Bennington	Readsboro
201476565	Vermont	1	Windham	Whitingham
201476605	Vermont	2	Windham	Halifax
201476550	Vermont	2	Windham	Halifax
201476606	Vermont	2	Windham	Halifax
201476579	Vermont	2	Windham	Halifax
201476653	Vermont	2	Windham	Guilford
201476626	Vermont	2	Windham	Halifax
201476593	Vermont	1	Windham	Wilmington
201476593	Vermont	1	Windham	Readsboro
201476593	Vermont	1	Windham	Whitingham
201476593	Vermont	1	Bennington	Wilmington
201476593	Vermont	1	Bennington	Readsboro
201476593	Vermont	1	Bennington	Whitingham
201476662	Vermont	1	Windham	Whitingham
201476663	Vermont	1	Windham	Whitingham
201476700	Vermont	1	Windham	Whitingham
201476588	Vermont	1	Windham	Whitingham
201476661	Vermont	1	Bennington	Woodford
201476661	Vermont	1	Bennington	Stamford
201476603	Vermont	1	Bennington	Woodford
201476619	Vermont	1	Bennington	Readsboro
201476701	Vermont	1	Windham	Whitingham
201476886	Vermont	1	Windham	Whitingham
201476886	Vermont	1	Windham	Halifax
201476886	Vermont	2	Windham	Whitingham
201476886	Vermont	2	Windham	Halifax
201476652	Vermont	2	Windham	Guilford
201476744	Vermont	1	Bennington	Woodford
201476744	Vermont	1	Bennington	Stamford
201476613	Vermont	2	Windham	Halifax
201476762	Vermont	2	Windham	Halifax
201476687	Vermont	1	Bennington	Readsboro
201476641	Vermont	1	Bennington	Readsboro
201476625	Vermont	1	Bennington	Woodford
201476636	Vermont	1	Bennington	Woodford
201476753	Vermont	1	Bennington	Woodford
201476753	Vermont	1	Bennington	Stamford
201476805	Vermont	1	Bennington	Readsboro
201476683	Vermont	2	Windham	Halifax
201476683	Vermont	2	Windham	Guilford
201476810	Vermont	2	Windham	Guilford
201476779	Vermont	1	Windham	Whitingham
201476917	Vermont	2	Windham	Halifax
201476727	Vermont	1	Bennington	Readsboro
201476726	Vermont	1	Bennington	Readsboro
201476736	Vermont	1	Windham	Whitingham
201476778	Vermont	1	Windham	Readsboro
201476778	Vermont	1	Windham	Whitingham
201476778	Vermont	1	Bennington	Readsboro
201476778	Vermont	1	Bennington	Whitingham
201476733	Vermont	1	Bennington	Readsboro
201476732	Vermont	1	Bennington	Woodford
201476732	Vermont	1	Bennington	Readsboro
201476732	Vermont	1	Bennington	Stamford
201476782	Vermont	1	Bennington	Woodford
201476782	Vermont	1	Bennington	Readsboro
201476782	Vermont	1	Bennington	Stamford
201476804	Vermont	1	Bennington	Readsboro
201476768	Vermont	1	Windham	Whitingham
201476743	Vermont	1	Bennington	Readsboro
201476769	Vermont	1	Windham	Whitingham
201476741	Vermont	1	Bennington	Readsboro
201476852	Vermont	1	Bennington	Readsboro
201476859	Vermont	1	Bennington	Readsboro
201477005	Vermont	2	Windham	Halifax
201476781	Vermont	1	Bennington	Woodford
201476781	Vermont	1	Bennington	Stamford
201476890	Vermont	1	Bennington	Woodford
201476890	Vermont	1	Bennington	Stamford
201476880	Vermont	1	Bennington	Readsboro
201476763	Vermont	2	Windham	Halifax
201476892	Vermont	1	Windham	Whitingham
201476916	Vermont	2	Windham	Halifax
201476819	Vermont	1	Windham	Whitingham
201476910	Vermont	1	Windham	Whitingham
201476861	Vermont	1	Windham	Whitingham
201476841	Vermont	2	Windham	Halifax
201476909	Vermont	1	Windham	Whitingham
201477101	Vermont	2	Windham	Halifax
201476879	Vermont	1	Bennington	Readsboro
201476813	Vermont	2	Windham	Halifax
201476813	Vermont	2	Windham	Guilford
201477015	Vermont	2	Windham	Guilford
201476816	Vermont	1	Windham	Whitingham
201476885	Vermont	1	Windham	Whitingham
201476885	Vermont	1	Windham	Halifax
201476885	Vermont	2	Windham	Whitingham
201476885	Vermont	2	Windham	Halifax
201476871	Vermont	1	Windham	Whitingham
201476847	Vermont	2	Windham	Halifax
201476860	Vermont	1	Bennington	Readsboro
201476932	Vermont	2	Windham	Halifax
201476932	Vermont	2	Windham	Guilford
201476891	Vermont	1	Windham	Whitingham
201476901	Vermont	2	Windham	Halifax
201476962	Vermont	1	Windham	Readsboro
201476962	Vermont	1	Windham	Whitingham
201476962	Vermont	1	Bennington	Readsboro
201476962	Vermont	1	Bennington	Whitingham
201476938	Vermont	1	Windham	Whitingham
201476874	Vermont	1	Windham	Whitingham
201477013	Vermont	1	Windham	Whitingham
201476900	Vermont	2	Windham	Halifax
201476954	Vermont	1	Bennington	Readsboro
201476905	Vermont	1	Windham	Whitingham
201476941	Vermont	1	Windham	Whitingham
201477130	Vermont	2	Windham	Halifax
201476933	Vermont	2	Windham	Guilford
201477038	Vermont	1	Bennington	Readsboro
201477146	Vermont	1	Windham	Whitingham
201476942	Vermont	1	Windham	Whitingham
201476985	Vermont	2	Windham	Halifax
201477014	Vermont	2	Windham	Halifax
201477014	Vermont	2	Windham	Guilford
201476964	Vermont	1	Windham	Whitingham
201476953	Vermont	1	Windham	Whitingham
201476997	Vermont	1	Windham	Whitingham
201476995	Vermont	1	Bennington	Readsboro
201476991	Vermont	1	Windham	Readsboro
201476991	Vermont	1	Windham	Whitingham
201476991	Vermont	1	Bennington	Readsboro
201476991	Vermont	1	Bennington	Whitingham
201476974	Vermont	1	Windham	Whitingham
201476974	Vermont	1	Windham	Halifax
201476974	Vermont	2	Windham	Whitingham
201476974	Vermont	2	Windham	Halifax
201477003	Vermont	1	Bennington	Readsboro
201476992	Vermont	1	Windham	Readsboro
201476992	Vermont	1	Windham	Whitingham
201476992	Vermont	1	Bennington	Readsboro
201476992	Vermont	1	Bennington	Whitingham
201477034	Vermont	2	Windham	Halifax
201477070	Vermont	2	Windham	Halifax
201476996	Vermont	1	Bennington	Readsboro
201477108	Massachusetts	2	Franklin	Guilford
201477108	Massachusetts	2	Franklin	Leyden
201477108	Massachusetts	2	Windham	Guilford
201477108	Massachusetts	2	Windham	Leyden
201477108	Vermont	2	Franklin	Guilford
201477108	Vermont	2	Franklin	Leyden
201477108	Vermont	2	Windham	Guilford
201477108	Vermont	2	Windham	Leyden
201477107	Massachusetts	2	Franklin	Guilford
201477107	Massachusetts	2	Franklin	Leyden
201477107	Massachusetts	2	Windham	Guilford
201477107	Massachusetts	2	Windham	Leyden
201477107	Vermont	2	Franklin	Guilford
201477107	Vermont	2	Franklin	Leyden
201477107	Vermont	2	Windham	Guilford
201477107	Vermont	2	Windham	Leyden
201477023	Vermont	2	Windham	Halifax
201477004	Vermont	2	Windham	Halifax
201477182	Massachusetts	1	Franklin	Halifax
201477182	Massachusetts	1	Franklin	Colrain
201477182	Massachusetts	1	Windham	Halifax
201477182	Massachusetts	1	Windham	Colrain
201477182	Vermont	2	Franklin	Halifax
201477182	Vermont	2	Franklin	Colrain
201477182	Vermont	2	Windham	Halifax
201477182	Vermont	2	Windham	Colrain
201477201	Vermont	1	Windham	Readsboro
201477201	Vermont	1	Windham	Whitingham
201477201	Vermont	1	Bennington	Readsboro
201477201	Vermont	1	Bennington	Whitingham
201477037	Vermont	1	Bennington	Readsboro
201477009	Vermont	1	Windham	Whitingham
201477092	Vermont	1	Windham	Whitingham
201477033	Vermont	2	Windham	Halifax
201477069	Vermont	1	Windham	Whitingham
201477069	Vermont	1	Windham	Halifax
201477069	Vermont	2	Windham	Whitingham
201477069	Vermont	2	Windham	Halifax
201477171	Massachusetts	1	Franklin	Guilford
201477171	Massachusetts	1	Franklin	Colrain
201477171	Massachusetts	1	Franklin	Leyden
201477171	Massachusetts	1	Windham	Guilford
201477171	Massachusetts	1	Windham	Colrain
201477171	Massachusetts	1	Windham	Leyden
201477171	Massachusetts	2	Franklin	Guilford
201477171	Massachusetts	2	Franklin	Colrain
201477171	Massachusetts	2	Franklin	Leyden
201477171	Massachusetts	2	Windham	Guilford
201477171	Massachusetts	2	Windham	Colrain
201477171	Massachusetts	2	Windham	Leyden
201477171	Vermont	2	Franklin	Guilford
201477171	Vermont	2	Franklin	Colrain
201477171	Vermont	2	Franklin	Leyden
201477171	Vermont	2	Windham	Guilford
201477171	Vermont	2	Windham	Colrain
201477171	Vermont	2	Windham	Leyden
201477149	Massachusetts	1	Franklin	Halifax
201477149	Massachusetts	1	Franklin	Colrain
201477149	Massachusetts	1	Windham	Halifax
201477149	Massachusetts	1	Windham	Colrain
201477149	Vermont	2	Franklin	Halifax
201477149	Vermont	2	Franklin	Colrain
201477149	Vermont	2	Windham	Halifax
201477149	Vermont	2	Windham	Colrain
201477106	Vermont	2	Windham	Halifax
201477173	Vermont	1	Windham	Whitingham
201477173	Vermont	1	Windham	Halifax
201477173	Vermont	2	Windham	Whitingham
201477173	Vermont	2	Windham	Halifax
201477039	Vermont	2	Windham	Halifax
201477185	Massachusetts	1	Franklin	Halifax
201477185	Massachusetts	1	Franklin	Colrain
201477185	Massachusetts	1	Windham	Halifax
201477185	Massachusetts	1	Windham	Colrain
201477185	Vermont	2	Franklin	Halifax
201477185	Vermont	2	Franklin	Colrain
201477185	Vermont	2	Windham	Halifax
201477185	Vermont	2	Windham	Colrain
201477131	Vermont	1	Bennington	Readsboro
201477071	Vermont	2	Windham	Halifax
201477071	Vermont	2	Windham	Guilford
201477081	Vermont	1	Windham	Whitingham
201477093	Massachusetts	1	Franklin	Halifax
201477093	Massachusetts	1	Franklin	Guilford
201477093	Massachusetts	1	Franklin	Colrain
201477093	Massachusetts	1	Windham	Halifax
201477093	Massachusetts	1	Windham	Guilford
201477093	Massachusetts	1	Windham	Colrain
201477093	Vermont	2	Franklin	Halifax
201477093	Vermont	2	Franklin	Guilford
201477093	Vermont	2	Franklin	Colrain
201477093	Vermont	2	Windham	Halifax
201477093	Vermont	2	Windham	Guilford
201477093	Vermont	2	Windham	Colrain
201477151	Massachusetts	1	Franklin	Halifax
201477151	Massachusetts	1	Franklin	Guilford
201477151	Massachusetts	1	Franklin	Colrain
201477151	Massachusetts	1	Windham	Halifax
201477151	Massachusetts	1	Windham	Guilford
201477151	Massachusetts	1	Windham	Colrain
201477151	Vermont	2	Franklin	Halifax
201477151	Vermont	2	Franklin	Guilford
201477151	Vermont	2	Franklin	Colrain
201477151	Vermont	2	Windham	Halifax
201477151	Vermont	2	Windham	Guilford
201477151	Vermont	2	Windham	Colrain
201477099	Vermont	1	Windham	Whitingham
201477099	Vermont	1	Windham	Halifax
201477099	Vermont	2	Windham	Whitingham
201477099	Vermont	2	Windham	Halifax
201477111	Vermont	2	Windham	Halifax
201477224	Vermont	1	Windham	Whitingham
201477118	Vermont	2	Windham	Halifax
201477194	Massachusetts	1	Franklin	Halifax
201477194	Massachusetts	1	Franklin	Colrain
201477194	Massachusetts	1	Windham	Halifax
201477194	Massachusetts	1	Windham	Colrain
201477194	Vermont	2	Franklin	Halifax
201477194	Vermont	2	Franklin	Colrain
201477194	Vermont	2	Windham	Halifax
201477194	Vermont	2	Windham	Colrain
201477142	Massachusetts	2	Franklin	Leyden
201477129	Vermont	2	Windham	Halifax
201477196	Vermont	1	Bennington	Readsboro
201477126	Massachusetts	1	Franklin	Halifax
201477126	Massachusetts	1	Franklin	Colrain
201477126	Massachusetts	1	Windham	Halifax
201477126	Massachusetts	1	Windham	Colrain
201477126	Vermont	2	Franklin	Halifax
201477126	Vermont	2	Franklin	Colrain
201477126	Vermont	2	Windham	Halifax
201477126	Vermont	2	Windham	Colrain
201477181	Massachusetts	1	Franklin	Halifax
201477181	Massachusetts	1	Franklin	Colrain
201477181	Massachusetts	1	Windham	Halifax
201477181	Massachusetts	1	Windham	Colrain
201477181	Vermont	2	Franklin	Halifax
201477181	Vermont	2	Franklin	Colrain
201477181	Vermont	2	Windham	Halifax
201477181	Vermont	2	Windham	Colrain
201477216	Vermont	1	Bennington	Readsboro
201477148	Vermont	1	Bennington	Readsboro
201477143	Massachusetts	2	Franklin	Leyden
201477197	Vermont	1	Bennington	Readsboro
201477193	Vermont	1	Windham	Whitingham
201477270	Massachusetts	2	Franklin	Leyden
201477169	Vermont	1	Bennington	Readsboro
201477232	Vermont	1	Windham	Whitingham
201477227	Vermont	1	Windham	Whitingham
201477170	Massachusetts	1	Franklin	Colrain
201477174	Massachusetts	1	Franklin	Halifax
201477174	Massachusetts	1	Franklin	Colrain
201477174	Massachusetts	1	Windham	Halifax
201477174	Massachusetts	1	Windham	Colrain
201477174	Vermont	2	Franklin	Halifax
201477174	Vermont	2	Franklin	Colrain
201477174	Vermont	2	Windham	Halifax
201477174	Vermont	2	Windham	Colrain
201477209	Massachusetts	1	Franklin	Halifax
201477209	Massachusetts	1	Franklin	Colrain
201477209	Massachusetts	1	Windham	Halifax
201477209	Massachusetts	1	Windham	Colrain
201477209	Vermont	2	Franklin	Halifax
201477209	Vermont	2	Franklin	Colrain
201477209	Vermont	2	Windham	Halifax
201477209	Vermont	2	Windham	Colrain
201477306	Vermont	1	Windham	Whitingham
201477269	Massachusetts	1	Franklin	Colrain
201477269	Massachusetts	1	Franklin	Leyden
201477269	Massachusetts	2	Franklin	Colrain
201477269	Massachusetts	2	Franklin	Leyden
201477206	Vermont	1	Windham	Readsboro
201477206	Vermont	1	Windham	Whitingham
201477206	Vermont	1	Bennington	Readsboro
201477206	Vermont	1	Bennington	Whitingham
201477208	Massachusetts	1	Franklin	Halifax
201477208	Massachusetts	1	Franklin	Colrain
201477208	Massachusetts	1	Windham	Halifax
201477208	Massachusetts	1	Windham	Colrain
201477208	Vermont	2	Franklin	Halifax
201477208	Vermont	2	Franklin	Colrain
201477208	Vermont	2	Windham	Halifax
201477208	Vermont	2	Windham	Colrain
201477217	Vermont	1	Windham	Whitingham
201477220	Vermont	1	Windham	Whitingham
201477307	Vermont	1	Windham	Whitingham
201477205	Vermont	1	Bennington	Readsboro
201477205	Vermont	1	Bennington	Whitingham
201477228	Vermont	1	Windham	Whitingham
201477200	Vermont	1	Bennington	Readsboro
201477200	Vermont	1	Bennington	Stamford
201477223	Vermont	1	Bennington	Readsboro
201477246	Vermont	1	Bennington	Readsboro
201477309	Massachusetts	1	Franklin	Halifax
201477309	Massachusetts	1	Franklin	Colrain
201477309	Massachusetts	1	Windham	Halifax
201477309	Massachusetts	1	Windham	Colrain
201477309	Vermont	2	Franklin	Halifax
201477309	Vermont	2	Franklin	Colrain
201477309	Vermont	2	Windham	Halifax
201477309	Vermont	2	Windham	Colrain
201477219	Vermont	1	Bennington	Readsboro
201477229	Massachusetts	1	Franklin	Colrain
201477222	Vermont	1	Bennington	Readsboro
201477385	Vermont	1	Windham	Readsboro
201477385	Vermont	1	Windham	Whitingham
201477385	Vermont	1	Bennington	Readsboro
201477385	Vermont	1	Bennington	Whitingham
201477339	Massachusetts	1	Franklin	Halifax
201477339	Massachusetts	1	Franklin	Colrain
201477339	Massachusetts	1	Windham	Halifax
201477339	Massachusetts	1	Windham	Colrain
201477339	Vermont	2	Franklin	Halifax
201477339	Vermont	2	Franklin	Colrain
201477339	Vermont	2	Windham	Halifax
201477339	Vermont	2	Windham	Colrain
201477308	Massachusetts	1	Franklin	Colrain
201477317	Vermont	1	Windham	Whitingham
201477260	Vermont	1	Windham	Whitingham
201477460	Massachusetts	1	Franklin	Leyden
201477460	Massachusetts	2	Franklin	Leyden
201477286	Massachusetts	1	Franklin	Colrain
201477286	Massachusetts	1	Franklin	Leyden
201477286	Massachusetts	2	Franklin	Colrain
201477286	Massachusetts	2	Franklin	Leyden
201477287	Massachusetts	2	Franklin	Leyden
201477504	Massachusetts	1	Franklin	Whitingham
201477504	Massachusetts	1	Franklin	Halifax
201477504	Massachusetts	1	Franklin	Heath
201477504	Massachusetts	1	Windham	Whitingham
201477504	Massachusetts	1	Windham	Halifax
201477504	Massachusetts	1	Windham	Heath
201477504	Vermont	1	Franklin	Whitingham
201477504	Vermont	1	Franklin	Halifax
201477504	Vermont	1	Franklin	Heath
201477504	Vermont	1	Windham	Whitingham
201477504	Vermont	1	Windham	Halifax
201477504	Vermont	1	Windham	Heath
201477504	Vermont	2	Franklin	Whitingham
201477504	Vermont	2	Franklin	Halifax
201477504	Vermont	2	Franklin	Heath
201477504	Vermont	2	Windham	Whitingham
201477504	Vermont	2	Windham	Halifax
201477504	Vermont	2	Windham	Heath
201477344	Massachusetts	1	Franklin	Colrain
201477344	Massachusetts	1	Franklin	Leyden
201477344	Massachusetts	2	Franklin	Colrain
201477344	Massachusetts	2	Franklin	Leyden
201477376	Massachusetts	1	Franklin	Whitingham
201477376	Massachusetts	1	Franklin	Heath
201477376	Massachusetts	1	Windham	Whitingham
201477376	Massachusetts	1	Windham	Heath
201477376	Vermont	1	Franklin	Whitingham
201477376	Vermont	1	Franklin	Heath
201477376	Vermont	1	Windham	Whitingham
201477376	Vermont	1	Windham	Heath
201477403	Massachusetts	1	Franklin	Colrain
201477343	Massachusetts	1	Franklin	Colrain
201477343	Massachusetts	1	Franklin	Leyden
201477343	Massachusetts	2	Franklin	Colrain
201477343	Massachusetts	2	Franklin	Leyden
201477389	Massachusetts	2	Franklin	Leyden
201477390	Massachusetts	2	Franklin	Leyden
201477386	Vermont	1	Windham	Whitingham
201477451	Massachusetts	1	Franklin	Colrain
201477451	Massachusetts	1	Franklin	Leyden
201477451	Massachusetts	2	Franklin	Colrain
201477451	Massachusetts	2	Franklin	Leyden
201477377	Massachusetts	1	Franklin	Whitingham
201477377	Massachusetts	1	Franklin	Heath
201477377	Massachusetts	1	Windham	Whitingham
201477377	Massachusetts	1	Windham	Heath
201477377	Vermont	1	Franklin	Whitingham
201477377	Vermont	1	Franklin	Heath
201477377	Vermont	1	Windham	Whitingham
201477377	Vermont	1	Windham	Heath
201477388	Massachusetts	1	Franklin	Halifax
201477388	Massachusetts	1	Franklin	Colrain
201477388	Massachusetts	1	Windham	Halifax
201477388	Massachusetts	1	Windham	Colrain
201477388	Vermont	2	Franklin	Halifax
201477388	Vermont	2	Franklin	Colrain
201477388	Vermont	2	Windham	Halifax
201477388	Vermont	2	Windham	Colrain
201477566	Massachusetts	1	Franklin	Whitingham
201477566	Massachusetts	1	Franklin	Heath
201477566	Massachusetts	1	Windham	Whitingham
201477566	Massachusetts	1	Windham	Heath
201477566	Vermont	1	Franklin	Whitingham
201477566	Vermont	1	Franklin	Heath
201477566	Vermont	1	Windham	Whitingham
201477566	Vermont	1	Windham	Heath
201477387	Massachusetts	1	Franklin	Halifax
201477387	Massachusetts	1	Franklin	Colrain
201477387	Massachusetts	1	Franklin	Heath
201477387	Massachusetts	1	Windham	Halifax
201477387	Massachusetts	1	Windham	Colrain
201477387	Massachusetts	1	Windham	Heath
201477387	Vermont	2	Franklin	Halifax
201477387	Vermont	2	Franklin	Colrain
201477387	Vermont	2	Franklin	Heath
201477387	Vermont	2	Windham	Halifax
201477387	Vermont	2	Windham	Colrain
201477387	Vermont	2	Windham	Heath
201477426	Vermont	1	Bennington	Readsboro
201477402	Vermont	1	Bennington	Readsboro
201477488	Massachusetts	1	Franklin	Whitingham
201477488	Massachusetts	1	Franklin	Heath
201477488	Massachusetts	1	Windham	Whitingham
201477488	Massachusetts	1	Windham	Heath
201477488	Vermont	1	Franklin	Whitingham
201477488	Vermont	1	Franklin	Heath
201477488	Vermont	1	Windham	Whitingham
201477488	Vermont	1	Windham	Heath
201477435	Vermont	1	Windham	Readsboro
201477435	Vermont	1	Windham	Whitingham
201477435	Vermont	1	Bennington	Readsboro
201477435	Vermont	1	Bennington	Whitingham
201477455	Massachusetts	1	Franklin	Colrain
201477455	Massachusetts	1	Franklin	Heath
201477658	Massachusetts	1	Franklin	Colrain
201477419	Massachusetts	1	Franklin	Colrain
201477432	Massachusetts	2	Franklin	Leyden
201477450	Vermont	1	Windham	Readsboro
201477450	Vermont	1	Windham	Whitingham
201477450	Vermont	1	Bennington	Readsboro
201477450	Vermont	1	Bennington	Whitingham
201477530	Massachusetts	1	Franklin	Readsboro
201477530	Massachusetts	1	Franklin	Monroe
201477530	Massachusetts	1	Bennington	Readsboro
201477530	Massachusetts	1	Bennington	Monroe
201477530	Vermont	1	Franklin	Readsboro
201477530	Vermont	1	Franklin	Monroe
201477530	Vermont	1	Bennington	Readsboro
201477530	Vermont	1	Bennington	Monroe
201477449	Vermont	1	Bennington	Readsboro
201477449	Vermont	1	Bennington	Stamford
201477425	Vermont	1	Bennington	Readsboro
201477470	Massachusetts	1	Franklin	Colrain
201477471	Massachusetts	1	Franklin	Colrain
201477454	Massachusetts	1	Franklin	Heath
201477436	Massachusetts	2	Franklin	Leyden
201477476	Vermont	1	Bennington	Readsboro
201477686	Massachusetts	2	Franklin	Leyden
201477507	Massachusetts	1	Franklin	Readsboro
201477507	Massachusetts	1	Franklin	Whitingham
201477507	Massachusetts	1	Franklin	Monroe
201477507	Massachusetts	1	Franklin	Rowe
201477507	Massachusetts	1	Windham	Readsboro
201477507	Massachusetts	1	Windham	Whitingham
201477507	Massachusetts	1	Windham	Monroe
201477507	Massachusetts	1	Windham	Rowe
201477507	Massachusetts	1	Bennington	Readsboro
201477507	Massachusetts	1	Bennington	Whitingham
201477507	Massachusetts	1	Bennington	Monroe
201477507	Massachusetts	1	Bennington	Rowe
201477507	Vermont	1	Franklin	Readsboro
201477507	Vermont	1	Franklin	Whitingham
201477507	Vermont	1	Franklin	Monroe
201477507	Vermont	1	Franklin	Rowe
201477507	Vermont	1	Windham	Readsboro
201477507	Vermont	1	Windham	Whitingham
201477507	Vermont	1	Windham	Monroe
201477507	Vermont	1	Windham	Rowe
201477507	Vermont	1	Bennington	Readsboro
201477507	Vermont	1	Bennington	Whitingham
201477507	Vermont	1	Bennington	Monroe
201477507	Vermont	1	Bennington	Rowe
201477598	Massachusetts	1	Franklin	Colrain
201477767	Massachusetts	1	Franklin	Colrain
201477456	Massachusetts	1	Franklin	Colrain
201477456	Massachusetts	1	Franklin	Leyden
201477456	Massachusetts	2	Franklin	Colrain
201477456	Massachusetts	2	Franklin	Leyden
201477459	Massachusetts	1	Franklin	Colrain
201477459	Massachusetts	1	Franklin	Leyden
201477459	Massachusetts	2	Franklin	Colrain
201477459	Massachusetts	2	Franklin	Leyden
201477538	Massachusetts	1	Franklin	Whitingham
201477538	Massachusetts	1	Franklin	Heath
201477538	Massachusetts	1	Windham	Whitingham
201477538	Massachusetts	1	Windham	Heath
201477538	Vermont	1	Franklin	Whitingham
201477538	Vermont	1	Franklin	Heath
201477538	Vermont	1	Windham	Whitingham
201477538	Vermont	1	Windham	Heath
201477505	Massachusetts	1	Franklin	Colrain
201477505	Massachusetts	1	Franklin	Heath
201477515	Massachusetts	2	Franklin	Leyden
201477514	Massachusetts	1	Franklin	Colrain
201477514	Massachusetts	1	Franklin	Leyden
201477514	Massachusetts	2	Franklin	Colrain
201477514	Massachusetts	2	Franklin	Leyden
201477542	Massachusetts	2	Franklin	Bernardston
201477487	Massachusetts	1	Franklin	Whitingham
201477487	Massachusetts	1	Franklin	Heath
201477487	Massachusetts	1	Franklin	Rowe
201477487	Massachusetts	1	Windham	Whitingham
201477487	Massachusetts	1	Windham	Heath
201477487	Massachusetts	1	Windham	Rowe
201477487	Vermont	1	Franklin	Whitingham
201477487	Vermont	1	Franklin	Heath
201477487	Vermont	1	Franklin	Rowe
201477487	Vermont	1	Windham	Whitingham
201477487	Vermont	1	Windham	Heath
201477487	Vermont	1	Windham	Rowe
201477687	Massachusetts	2	Franklin	Leyden
201477624	Massachusetts	1	Franklin	Heath
201477576	Massachusetts	1	Franklin	Whitingham
201477576	Massachusetts	1	Franklin	Monroe
201477576	Massachusetts	1	Franklin	Rowe
201477576	Massachusetts	1	Windham	Whitingham
201477576	Massachusetts	1	Windham	Monroe
201477576	Massachusetts	1	Windham	Rowe
201477576	Vermont	1	Franklin	Whitingham
201477576	Vermont	1	Franklin	Monroe
201477576	Vermont	1	Franklin	Rowe
201477576	Vermont	1	Windham	Whitingham
201477576	Vermont	1	Windham	Monroe
201477576	Vermont	1	Windham	Rowe
201477711	Massachusetts	1	Franklin	Colrain
201477508	Massachusetts	1	Franklin	Heath
201477506	Massachusetts	1	Franklin	Readsboro
201477506	Massachusetts	1	Franklin	Whitingham
201477506	Massachusetts	1	Franklin	Monroe
201477506	Massachusetts	1	Windham	Readsboro
201477506	Massachusetts	1	Windham	Whitingham
201477506	Massachusetts	1	Windham	Monroe
201477506	Massachusetts	1	Bennington	Readsboro
201477506	Massachusetts	1	Bennington	Whitingham
201477506	Massachusetts	1	Bennington	Monroe
201477506	Vermont	1	Franklin	Readsboro
201477506	Vermont	1	Franklin	Whitingham
201477506	Vermont	1	Franklin	Monroe
201477506	Vermont	1	Windham	Readsboro
201477506	Vermont	1	Windham	Whitingham
201477506	Vermont	1	Windham	Monroe
201477506	Vermont	1	Bennington	Readsboro
201477506	Vermont	1	Bennington	Whitingham
201477506	Vermont	1	Bennington	Monroe
201477573	Massachusetts	1	Franklin	Whitingham
201477573	Massachusetts	1	Franklin	Rowe
201477573	Massachusetts	1	Windham	Whitingham
201477573	Massachusetts	1	Windham	Rowe
201477573	Vermont	1	Franklin	Whitingham
201477573	Vermont	1	Franklin	Rowe
201477573	Vermont	1	Windham	Whitingham
201477573	Vermont	1	Windham	Rowe
201477512	Massachusetts	1	Franklin	Heath
201477512	Massachusetts	1	Franklin	Rowe
201477575	Massachusetts	1	Franklin	Colrain
201477575	Massachusetts	1	Franklin	Heath
201477554	Massachusetts	1	Franklin	Monroe
201477554	Massachusetts	1	Franklin	Rowe
201477537	Massachusetts	1	Franklin	Heath
201477571	Massachusetts	1	Franklin	Colrain
201477571	Massachusetts	1	Franklin	Leyden
201477571	Massachusetts	2	Franklin	Colrain
201477571	Massachusetts	2	Franklin	Leyden
201477710	Massachusetts	1	Franklin	Colrain
201477642	Massachusetts	2	Franklin	Colrain
201477642	Massachusetts	2	Franklin	Leyden
201477568	Massachusetts	1	Franklin	Readsboro
201477568	Massachusetts	1	Franklin	Monroe
201477568	Massachusetts	1	Bennington	Readsboro
201477568	Massachusetts	1	Bennington	Monroe
201477568	Vermont	1	Franklin	Readsboro
201477568	Vermont	1	Franklin	Monroe
201477568	Vermont	1	Bennington	Readsboro
201477568	Vermont	1	Bennington	Monroe
201477681	Massachusetts	1	Franklin	Readsboro
201477681	Massachusetts	1	Franklin	Stamford
201477681	Massachusetts	1	Franklin	Monroe
201477681	Massachusetts	1	Bennington	Readsboro
201477681	Massachusetts	1	Bennington	Stamford
201477681	Massachusetts	1	Bennington	Monroe
201477681	Vermont	1	Franklin	Readsboro
201477681	Vermont	1	Franklin	Stamford
201477681	Vermont	1	Franklin	Monroe
201477681	Vermont	1	Bennington	Readsboro
201477681	Vermont	1	Bennington	Stamford
201477681	Vermont	1	Bennington	Monroe
201477552	Massachusetts	2	Franklin	Bernardston
201477552	Massachusetts	2	Franklin	Leyden
201477717	Massachusetts	1	Franklin	Readsboro
201477717	Massachusetts	1	Franklin	Monroe
201477717	Massachusetts	1	Bennington	Readsboro
201477717	Massachusetts	1	Bennington	Monroe
201477717	Vermont	1	Franklin	Readsboro
201477717	Vermont	1	Franklin	Monroe
201477717	Vermont	1	Bennington	Readsboro
201477717	Vermont	1	Bennington	Monroe
201477783	Massachusetts	2	Franklin	Bernardston
201477783	Massachusetts	2	Franklin	Greenfield
201477569	Massachusetts	1	Franklin	Monroe
201477569	Massachusetts	1	Franklin	Rowe
201477647	Massachusetts	1	Franklin	Monroe
201477647	Massachusetts	1	Franklin	Rowe
201477574	Massachusetts	1	Franklin	Whitingham
201477574	Massachusetts	1	Franklin	Rowe
201477574	Massachusetts	1	Windham	Whitingham
201477574	Massachusetts	1	Windham	Rowe
201477574	Vermont	1	Franklin	Whitingham
201477574	Vermont	1	Franklin	Rowe
201477574	Vermont	1	Windham	Whitingham
201477574	Vermont	1	Windham	Rowe
201477603	Massachusetts	1	Franklin	Heath
201477603	Massachusetts	1	Franklin	Rowe
201477625	Massachusetts	1	Franklin	Heath
201477659	Massachusetts	1	Franklin	Colrain
201477659	Massachusetts	1	Franklin	Leyden
201477659	Massachusetts	2	Franklin	Colrain
201477659	Massachusetts	2	Franklin	Leyden
201477610	Massachusetts	1	Franklin	Colrain
201477610	Massachusetts	1	Franklin	Leyden
201477610	Massachusetts	2	Franklin	Colrain
201477610	Massachusetts	2	Franklin	Leyden
201477935	Massachusetts	1	Franklin	Rowe
201477623	Massachusetts	1	Franklin	Rowe
201477600	Massachusetts	1	Franklin	Heath
201477596	Massachusetts	1	Franklin	Colrain
201477596	Massachusetts	1	Franklin	Heath
201477595	Massachusetts	1	Franklin	Heath
201477597	Massachusetts	1	Franklin	Colrain
201477597	Massachusetts	1	Franklin	Heath
201477697	Massachusetts	1	Franklin	Readsboro
201477697	Massachusetts	1	Franklin	Monroe
201477697	Massachusetts	1	Bennington	Readsboro
201477697	Massachusetts	1	Bennington	Monroe
201477697	Vermont	1	Franklin	Readsboro
201477697	Vermont	1	Franklin	Monroe
201477697	Vermont	1	Bennington	Readsboro
201477697	Vermont	1	Bennington	Monroe
201477650	Massachusetts	1	Franklin	Heath
201477604	Massachusetts	1	Franklin	Colrain
201477685	Massachusetts	1	Franklin	Colrain
201477683	Massachusetts	1	Franklin	Colrain
201477683	Massachusetts	1	Franklin	Heath
201477641	Massachusetts	1	Franklin	Colrain
201477641	Massachusetts	1	Franklin	Leyden
201477641	Massachusetts	2	Franklin	Colrain
201477641	Massachusetts	2	Franklin	Leyden
201477666	Massachusetts	1	Franklin	Stamford
201477666	Massachusetts	1	Franklin	Florida
201477666	Massachusetts	1	Franklin	Monroe
201477666	Massachusetts	1	Berkshire	Stamford
201477666	Massachusetts	1	Berkshire	Florida
201477666	Massachusetts	1	Berkshire	Monroe
201477666	Massachusetts	1	Bennington	Stamford
201477666	Massachusetts	1	Bennington	Florida
201477666	Massachusetts	1	Bennington	Monroe
201477666	Vermont	1	Franklin	Stamford
201477666	Vermont	1	Franklin	Florida
201477666	Vermont	1	Franklin	Monroe
201477666	Vermont	1	Berkshire	Stamford
201477666	Vermont	1	Berkshire	Florida
201477666	Vermont	1	Berkshire	Monroe
201477666	Vermont	1	Bennington	Stamford
201477666	Vermont	1	Bennington	Florida
201477666	Vermont	1	Bennington	Monroe
201477626	Massachusetts	1	Franklin	Colrain
201477626	Massachusetts	2	Franklin	Colrain
201477657	Massachusetts	1	Franklin	Colrain
201477622	Massachusetts	1	Franklin	Rowe
201477779	Massachusetts	1	Franklin	Rowe
201477720	Massachusetts	1	Franklin	Colrain
201477780	Massachusetts	1	Franklin	Rowe
201477712	Massachusetts	1	Franklin	Heath
201477839	Massachusetts	1	Franklin	Colrain
201477665	Massachusetts	1	Franklin	Stamford
201477665	Massachusetts	1	Franklin	Florida
201477665	Massachusetts	1	Franklin	Monroe
201477665	Massachusetts	1	Berkshire	Stamford
201477665	Massachusetts	1	Berkshire	Florida
201477665	Massachusetts	1	Berkshire	Monroe
201477665	Massachusetts	1	Bennington	Stamford
201477665	Massachusetts	1	Bennington	Florida
201477665	Massachusetts	1	Bennington	Monroe
201477665	Vermont	1	Franklin	Stamford
201477665	Vermont	1	Franklin	Florida
201477665	Vermont	1	Franklin	Monroe
201477665	Vermont	1	Berkshire	Stamford
201477665	Vermont	1	Berkshire	Florida
201477665	Vermont	1	Berkshire	Monroe
201477665	Vermont	1	Bennington	Stamford
201477665	Vermont	1	Bennington	Florida
201477665	Vermont	1	Bennington	Monroe
201477682	Massachusetts	1	Franklin	Rowe
201477699	Massachusetts	1	Franklin	Monroe
201477699	Massachusetts	1	Franklin	Rowe
201477684	Massachusetts	1	Franklin	Colrain
201477837	Massachusetts	1	Franklin	Readsboro
201477837	Massachusetts	1	Franklin	Monroe
201477837	Massachusetts	1	Bennington	Readsboro
201477837	Massachusetts	1	Bennington	Monroe
201477837	Vermont	1	Franklin	Readsboro
201477837	Vermont	1	Franklin	Monroe
201477837	Vermont	1	Bennington	Readsboro
201477837	Vermont	1	Bennington	Monroe
201477744	Massachusetts	1	Franklin	Colrain
201477680	Massachusetts	1	Franklin	Florida
201477680	Massachusetts	1	Franklin	Monroe
201477680	Massachusetts	1	Berkshire	Florida
201477680	Massachusetts	1	Berkshire	Monroe
201477733	Massachusetts	1	Franklin	Florida
201477733	Massachusetts	1	Franklin	Monroe
201477733	Massachusetts	1	Berkshire	Florida
201477733	Massachusetts	1	Berkshire	Monroe
201477781	Massachusetts	1	Franklin	Colrain
201477781	Massachusetts	1	Franklin	Leyden
201477781	Massachusetts	2	Franklin	Colrain
201477781	Massachusetts	2	Franklin	Leyden
201477873	Massachusetts	1	Franklin	Florida
201477873	Massachusetts	1	Franklin	Monroe
201477873	Massachusetts	1	Berkshire	Florida
201477873	Massachusetts	1	Berkshire	Monroe
201477883	Massachusetts	1	Franklin	Monroe
201477822	Massachusetts	1	Franklin	Monroe
201477822	Massachusetts	1	Franklin	Rowe
201477738	Massachusetts	1	Franklin	Readsboro
201477738	Massachusetts	1	Franklin	Monroe
201477738	Massachusetts	1	Bennington	Readsboro
201477738	Massachusetts	1	Bennington	Monroe
201477738	Vermont	1	Franklin	Readsboro
201477738	Vermont	1	Franklin	Monroe
201477738	Vermont	1	Bennington	Readsboro
201477738	Vermont	1	Bennington	Monroe
201477832	Massachusetts	2	Franklin	Bernardston
201477832	Massachusetts	2	Franklin	Leyden
201477832	Massachusetts	2	Franklin	Greenfield
201477768	Massachusetts	1	Franklin	Colrain
201477723	Massachusetts	1	Franklin	Colrain
201477769	Massachusetts	1	Franklin	Colrain
201477737	Massachusetts	1	Franklin	Monroe
201477748	Massachusetts	1	Franklin	Monroe
201477743	Massachusetts	1	Franklin	Colrain
201477722	Massachusetts	1	Franklin	Colrain
201477790	Massachusetts	1	Franklin	Colrain
201477772	Massachusetts	1	Franklin	Monroe
201477782	Massachusetts	1	Franklin	Monroe
201477896	Massachusetts	1	Franklin	Rowe
201477763	Massachusetts	2	Franklin	Leyden
201477785	Massachusetts	2	Franklin	Bernardston
201477785	Massachusetts	2	Franklin	Greenfield
201477831	Massachusetts	2	Franklin	Leyden
201477831	Massachusetts	2	Franklin	Greenfield
201477778	Massachusetts	1	Franklin	Florida
201477778	Massachusetts	1	Franklin	Monroe
201477778	Massachusetts	1	Berkshire	Florida
201477778	Massachusetts	1	Berkshire	Monroe
201477789	Massachusetts	1	Franklin	Rowe
201477830	Massachusetts	1	Franklin	Colrain
201477773	Massachusetts	2	Franklin	Leyden
201477791	Massachusetts	1	Franklin	Florida
201477791	Massachusetts	1	Franklin	Monroe
201477791	Massachusetts	1	Berkshire	Florida
201477791	Massachusetts	1	Berkshire	Monroe
201477804	Massachusetts	1	Franklin	Rowe
201477844	Massachusetts	1	Franklin	Colrain
201477844	Massachusetts	2	Franklin	Colrain
201477859	Massachusetts	1	Franklin	Florida
201477859	Massachusetts	1	Franklin	Monroe
201477859	Massachusetts	1	Berkshire	Florida
201477859	Massachusetts	1	Berkshire	Monroe
201477939	Massachusetts	2	Franklin	Bernardston
201477939	Massachusetts	2	Franklin	Leyden
201477939	Massachusetts	2	Franklin	Greenfield
201477814	Massachusetts	1	Franklin	Heath
201478011	Massachusetts	2	Franklin	Bernardston
201478011	Massachusetts	2	Franklin	Leyden
201478011	Massachusetts	2	Franklin	Greenfield
201477818	Massachusetts	1	Franklin	Colrain
201477850	Massachusetts	1	Franklin	Colrain
201477884	Massachusetts	1	Franklin	Rowe
201477976	Massachusetts	1	Franklin	Colrain
201477976	Massachusetts	1	Franklin	Charlemont
201477976	Massachusetts	1	Franklin	Heath
201477897	Massachusetts	1	Franklin	Heath
201477897	Massachusetts	1	Franklin	Rowe
201477919	Massachusetts	1	Franklin	Heath
201477957	Massachusetts	1	Franklin	Colrain
201477957	Massachusetts	1	Franklin	Leyden
201477957	Massachusetts	1	Franklin	Greenfield
201477957	Massachusetts	2	Franklin	Colrain
201477957	Massachusetts	2	Franklin	Leyden
201477957	Massachusetts	2	Franklin	Greenfield
201477918	Massachusetts	1	Franklin	Heath
201477974	Massachusetts	1	Franklin	Rowe
201477874	Massachusetts	1	Franklin	Heath
201477849	Massachusetts	1	Franklin	Colrain
201477849	Massachusetts	1	Franklin	Heath
201477836	Massachusetts	1	Franklin	Monroe
201477880	Massachusetts	1	Franklin	Colrain
201478079	Massachusetts	1	Franklin	Florida
201478079	Massachusetts	1	Franklin	Monroe
201478079	Massachusetts	1	Franklin	Rowe
201478079	Massachusetts	1	Berkshire	Florida
201478079	Massachusetts	1	Berkshire	Monroe
201478079	Massachusetts	1	Berkshire	Rowe
201477870	Massachusetts	1	Franklin	Florida
201477870	Massachusetts	1	Franklin	Monroe
201477870	Massachusetts	1	Berkshire	Florida
201477870	Massachusetts	1	Berkshire	Monroe
201477940	Massachusetts	2	Franklin	Greenfield
201477838	Massachusetts	1	Franklin	Colrain
201478033	Massachusetts	1	Franklin	Colrain
201478058	Massachusetts	2	Franklin	Greenfield
201477882	Massachusetts	1	Franklin	Monroe
201478070	Massachusetts	1	Franklin	Rowe
201477900	Massachusetts	1	Franklin	Colrain
201477980	Massachusetts	1	Franklin	Colrain
201477890	Massachusetts	1	Franklin	Heath
201477922	Massachusetts	1	Franklin	Florida
201477922	Massachusetts	1	Franklin	Monroe
201477922	Massachusetts	1	Berkshire	Florida
201477922	Massachusetts	1	Berkshire	Monroe
201477892	Massachusetts	1	Franklin	Heath
201477936	Massachusetts	1	Franklin	Rowe
201477889	Massachusetts	1	Franklin	Rowe
201478000	Massachusetts	1	Franklin	Heath
201478000	Massachusetts	1	Franklin	Rowe
201477909	Massachusetts	1	Franklin	Colrain
201477909	Massachusetts	1	Franklin	Heath
201477913	Massachusetts	1	Franklin	Colrain
201477913	Massachusetts	1	Franklin	Heath
201477962	Massachusetts	1	Franklin	Colrain
201478010	Massachusetts	1	Franklin	Heath
201477975	Massachusetts	1	Franklin	Rowe
201478008	Massachusetts	2	Franklin	Greenfield
201478121	Massachusetts	1	Franklin	Rowe
201477956	Massachusetts	1	Franklin	Colrain
201477956	Massachusetts	1	Franklin	Greenfield
201477956	Massachusetts	1	Franklin	Shelburne
201477956	Massachusetts	2	Franklin	Colrain
201477956	Massachusetts	2	Franklin	Greenfield
201477956	Massachusetts	2	Franklin	Shelburne
201477963	Massachusetts	1	Franklin	Colrain
201478057	Massachusetts	2	Franklin	Leyden
201478057	Massachusetts	2	Franklin	Greenfield
201478034	Massachusetts	1	Franklin	Colrain
201478005	Massachusetts	1	Franklin	Colrain
201478005	Massachusetts	1	Franklin	Shelburne
201478076	Massachusetts	1	Franklin	Colrain
201478076	Massachusetts	1	Franklin	Shelburne
201478044	Massachusetts	1	Franklin	Rowe
201478063	Massachusetts	1	Franklin	Colrain
201478063	Massachusetts	1	Franklin	Shelburne
201477999	Massachusetts	1	Franklin	Rowe
201478028	Massachusetts	1	Franklin	Heath
201478191	Massachusetts	1	Franklin	Charlemont
201478191	Massachusetts	1	Franklin	Heath
201478191	Massachusetts	1	Franklin	Rowe
201478012	Massachusetts	2	Franklin	Greenfield
201478085	Massachusetts	1	Franklin	Florida
201478085	Massachusetts	1	Franklin	Monroe
201478085	Massachusetts	1	Franklin	Rowe
201478085	Massachusetts	1	Berkshire	Florida
201478085	Massachusetts	1	Berkshire	Monroe
201478085	Massachusetts	1	Berkshire	Rowe
201478049	Massachusetts	1	Franklin	Heath
201478108	Massachusetts	1	Franklin	Heath
201478135	Massachusetts	2	Franklin	Greenfield
201478060	Massachusetts	2	Franklin	Greenfield
201478182	Massachusetts	1	Franklin	Charlemont
201478182	Massachusetts	1	Franklin	Heath
201478181	Massachusetts	1	Franklin	Charlemont
201478181	Massachusetts	1	Franklin	Rowe
201478137	Massachusetts	1	Franklin	Colrain
201478137	Massachusetts	1	Franklin	Greenfield
201478137	Massachusetts	1	Franklin	Shelburne
201478137	Massachusetts	2	Franklin	Colrain
201478137	Massachusetts	2	Franklin	Greenfield
201478137	Massachusetts	2	Franklin	Shelburne
201478048	Massachusetts	1	Franklin	Charlemont
201478048	Massachusetts	1	Franklin	Heath
201478048	Massachusetts	1	Franklin	Rowe
201478092	Massachusetts	1	Franklin	Colrain
201478072	Massachusetts	1	Franklin	Colrain
201478123	Massachusetts	1	Franklin	Colrain
201478045	Massachusetts	1	Franklin	Rowe
201478128	Massachusetts	1	Franklin	Heath
201478115	Massachusetts	1	Franklin	Colrain
201478115	Massachusetts	1	Franklin	Shelburne
201478231	Massachusetts	1	Berkshire	Florida
201478296	Massachusetts	1	Franklin	Charlemont
201478296	Massachusetts	1	Franklin	Rowe
201478098	Massachusetts	2	Franklin	Greenfield
201478097	Massachusetts	1	Franklin	Greenfield
201478097	Massachusetts	1	Franklin	Shelburne
201478097	Massachusetts	2	Franklin	Greenfield
201478097	Massachusetts	2	Franklin	Shelburne
201478071	Massachusetts	1	Franklin	Rowe
201478152	Massachusetts	1	Franklin	Shelburne
201478122	Massachusetts	1	Franklin	Rowe
201478124	Massachusetts	1	Franklin	Colrain
201478124	Massachusetts	1	Franklin	Shelburne
201478091	Massachusetts	1	Franklin	Colrain
201478084	Massachusetts	1	Franklin	Colrain
201478086	Massachusetts	1	Franklin	Florida
201478086	Massachusetts	1	Franklin	Rowe
201478086	Massachusetts	1	Berkshire	Florida
201478086	Massachusetts	1	Berkshire	Rowe
201478144	Massachusetts	1	Franklin	Florida
201478144	Massachusetts	1	Franklin	Monroe
201478144	Massachusetts	1	Berkshire	Florida
201478144	Massachusetts	1	Berkshire	Monroe
201478156	Massachusetts	1	Franklin	Colrain
201478156	Massachusetts	1	Franklin	Shelburne
201478111	Massachusetts	1	Franklin	Shelburne
201478090	Massachusetts	1	Franklin	Rowe
201478104	Massachusetts	1	Franklin	Colrain
201478104	Massachusetts	1	Franklin	Shelburne
201478155	Massachusetts	1	Franklin	Florida
201478155	Massachusetts	1	Franklin	Rowe
201478155	Massachusetts	1	Berkshire	Florida
201478155	Massachusetts	1	Berkshire	Rowe
201478107	Massachusetts	1	Franklin	Heath
201478172	Massachusetts	1	Franklin	Colrain
201478172	Massachusetts	1	Franklin	Shelburne
201478196	Massachusetts	1	Franklin	Colrain
201478149	Massachusetts	2	Franklin	Greenfield
201478134	Massachusetts	2	Franklin	Greenfield
201478232	Massachusetts	1	Franklin	Florida
201478232	Massachusetts	1	Franklin	Monroe
201478232	Massachusetts	1	Berkshire	Florida
201478232	Massachusetts	1	Berkshire	Monroe
201478217	Massachusetts	1	Franklin	Heath
201478229	Massachusetts	1	Franklin	Colrain
201478229	Massachusetts	1	Franklin	Charlemont
201478183	Massachusetts	1	Franklin	Charlemont
201478183	Massachusetts	1	Franklin	Heath
201478161	Massachusetts	1	Franklin	Shelburne
201478297	Massachusetts	1	Franklin	Charlemont
201478297	Massachusetts	1	Franklin	Rowe
201478133	Massachusetts	1	Franklin	Heath
201478166	Massachusetts	1	Franklin	Colrain
201478192	Massachusetts	1	Franklin	Charlemont
201478192	Massachusetts	1	Franklin	Heath
201478240	Massachusetts	2	Franklin	Greenfield
201478148	Massachusetts	2	Franklin	Greenfield
201478147	Massachusetts	1	Franklin	Greenfield
201478147	Massachusetts	1	Franklin	Shelburne
201478147	Massachusetts	2	Franklin	Greenfield
201478147	Massachusetts	2	Franklin	Shelburne
201478193	Massachusetts	2	Franklin	Greenfield
201478163	Massachusetts	1	Franklin	Florida
201478163	Massachusetts	1	Franklin	Monroe
201478163	Massachusetts	1	Berkshire	Florida
201478163	Massachusetts	1	Berkshire	Monroe
201478273	Massachusetts	2	Franklin	Greenfield
201478160	Massachusetts	1	Berkshire	Florida
201478295	Massachusetts	1	Franklin	Florida
201478295	Massachusetts	1	Franklin	Rowe
201478295	Massachusetts	1	Berkshire	Florida
201478295	Massachusetts	1	Berkshire	Rowe
201478204	Massachusetts	1	Franklin	Shelburne
201478403	Massachusetts	1	Franklin	Florida
201478403	Massachusetts	1	Franklin	Monroe
201478403	Massachusetts	1	Berkshire	Florida
201478403	Massachusetts	1	Berkshire	Monroe
201478184	Massachusetts	1	Franklin	Colrain
201478171	Massachusetts	1	Franklin	Colrain
201478171	Massachusetts	1	Franklin	Shelburne
201478285	Massachusetts	1	Berkshire	Florida
201478385	Massachusetts	1	Franklin	Charlemont
201478385	Massachusetts	1	Franklin	Rowe
201478241	Massachusetts	2	Franklin	Greenfield
201478367	Massachusetts	1	Franklin	Charlemont
201478356	Massachusetts	1	Franklin	Charlemont
201478356	Massachusetts	1	Franklin	Heath
201478199	Massachusetts	1	Franklin	Colrain
201478199	Massachusetts	1	Franklin	Shelburne
201478203	Massachusetts	1	Franklin	Colrain
201478203	Massachusetts	1	Franklin	Shelburne
201478188	Massachusetts	1	Franklin	Charlemont
201478188	Massachusetts	1	Franklin	Rowe
201478368	Massachusetts	1	Franklin	Charlemont
201478368	Massachusetts	1	Franklin	Heath
201478200	Massachusetts	2	Franklin	Greenfield
201478230	Massachusetts	1	Franklin	Colrain
201478230	Massachusetts	1	Franklin	Shelburne
201478607	Massachusetts	1	Franklin	Charlemont
201478607	Massachusetts	1	Franklin	Rowe
201478216	Massachusetts	1	Franklin	Heath
201478341	Massachusetts	1	Franklin	Charlemont
201478341	Massachusetts	1	Franklin	Heath
201478454	Massachusetts	1	Franklin	Colrain
201478454	Massachusetts	1	Franklin	Charlemont
201478266	Massachusetts	1	Berkshire	Florida
201478266	Massachusetts	1	Berkshire	North adams
201478309	Massachusetts	1	Franklin	Charlemont
201478310	Massachusetts	1	Franklin	Colrain
201478310	Massachusetts	1	Franklin	Charlemont
201478298	Massachusetts	1	Franklin	Colrain
201478298	Massachusetts	1	Franklin	Charlemont
201478298	Massachusetts	1	Franklin	Shelburne
201478267	Massachusetts	1	Berkshire	Florida
201478362	Massachusetts	1	Franklin	Greenfield
201478362	Massachusetts	1	Franklin	Shelburne
201478362	Massachusetts	2	Franklin	Greenfield
201478362	Massachusetts	2	Franklin	Shelburne
201478288	Massachusetts	2	Franklin	Greenfield
201478518	Massachusetts	1	Franklin	Charlemont
201478518	Massachusetts	1	Franklin	Heath
201478334	Massachusetts	1	Berkshire	Florida
201478286	Massachusetts	1	Franklin	Rowe
201478284	Massachusetts	1	Berkshire	Florida
201478299	Massachusetts	1	Franklin	Shelburne
201478480	Massachusetts	1	Franklin	Shelburne
201478358	Massachusetts	1	Franklin	Florida
201478358	Massachusetts	1	Franklin	Rowe
201478358	Massachusetts	1	Berkshire	Florida
201478358	Massachusetts	1	Berkshire	Rowe
201478294	Massachusetts	1	Franklin	Florida
201478294	Massachusetts	1	Berkshire	Florida
201478413	Massachusetts	2	Franklin	Greenfield
201478364	Massachusetts	1	Franklin	Rowe
201478306	Massachusetts	2	Franklin	Greenfield
201478342	Massachusetts	1	Franklin	Florida
201478342	Massachusetts	1	Franklin	Rowe
201478342	Massachusetts	1	Berkshire	Florida
201478342	Massachusetts	1	Berkshire	Rowe
201478411	Massachusetts	1	Franklin	Charlemont
201478411	Massachusetts	1	Franklin	Rowe
201478305	Massachusetts	1	Franklin	Shelburne
201478436	Massachusetts	1	Franklin	Colrain
201478436	Massachusetts	1	Franklin	Buckland
201478436	Massachusetts	1	Franklin	Charlemont
201478436	Massachusetts	1	Franklin	Shelburne
201478326	Massachusetts	1	Berkshire	Florida
201478326	Massachusetts	1	Berkshire	North adams
201478340	Massachusetts	1	Franklin	Charlemont
201478340	Massachusetts	1	Franklin	Heath
201478386	Massachusetts	1	Franklin	Charlemont
201478333	Massachusetts	1	Berkshire	Florida
201478442	Massachusetts	1	Franklin	Charlemont
201478442	Massachusetts	1	Franklin	Rowe
201478402	Massachusetts	1	Berkshire	Florida
201478564	Massachusetts	1	Franklin	Charlemont
201478564	Massachusetts	1	Franklin	Heath
201478375	Massachusetts	1	Franklin	Florida
201478375	Massachusetts	1	Franklin	Rowe
201478375	Massachusetts	1	Berkshire	Florida
201478375	Massachusetts	1	Berkshire	Rowe
201478374	Massachusetts	1	Berkshire	Florida
201478412	Massachusetts	1	Franklin	Greenfield
201478412	Massachusetts	1	Franklin	Shelburne
201478412	Massachusetts	2	Franklin	Greenfield
201478412	Massachusetts	2	Franklin	Shelburne
201478517	Massachusetts	1	Franklin	Charlemont
201478517	Massachusetts	1	Franklin	Heath
201478355	Massachusetts	1	Franklin	Charlemont
201478355	Massachusetts	1	Franklin	Heath
201478493	Massachusetts	1	Franklin	Charlemont
201478365	Massachusetts	1	Franklin	Florida
201478365	Massachusetts	1	Franklin	Rowe
201478365	Massachusetts	1	Berkshire	Florida
201478365	Massachusetts	1	Berkshire	Rowe
201478366	Massachusetts	1	Franklin	Florida
201478366	Massachusetts	1	Franklin	Rowe
201478366	Massachusetts	1	Berkshire	Florida
201478366	Massachusetts	1	Berkshire	Rowe
201478450	Massachusetts	1	Franklin	Charlemont
201478422	Massachusetts	1	Franklin	Florida
201478422	Massachusetts	1	Franklin	Rowe
201478422	Massachusetts	1	Berkshire	Florida
201478422	Massachusetts	1	Berkshire	Rowe
201478421	Massachusetts	1	Franklin	Florida
201478421	Massachusetts	1	Franklin	Rowe
201478421	Massachusetts	1	Berkshire	Florida
201478421	Massachusetts	1	Berkshire	Rowe
201478482	Massachusetts	1	Berkshire	Florida
201478482	Massachusetts	1	Berkshire	Rowe
201478449	Massachusetts	1	Franklin	Charlemont
201478401	Massachusetts	1	Berkshire	Florida
201478401	Massachusetts	1	Berkshire	North adams
201478511	Massachusetts	1	Franklin	Charlemont
201478548	Massachusetts	1	Berkshire	Florida
201478479	Massachusetts	1	Franklin	Shelburne
201478435	Massachusetts	1	Franklin	Colrain
201478435	Massachusetts	1	Franklin	Buckland
201478435	Massachusetts	1	Franklin	Charlemont
201478483	Massachusetts	1	Franklin	Florida
201478483	Massachusetts	1	Franklin	Charlemont
201478483	Massachusetts	1	Franklin	Rowe
201478483	Massachusetts	1	Berkshire	Florida
201478483	Massachusetts	1	Berkshire	Charlemont
201478483	Massachusetts	1	Berkshire	Rowe
201478441	Massachusetts	1	Franklin	Charlemont
201478502	Massachusetts	2	Franklin	Greenfield
201478472	Massachusetts	1	Franklin	Shelburne
201478453	Massachusetts	1	Franklin	Florida
201478453	Massachusetts	1	Franklin	Rowe
201478453	Massachusetts	1	Berkshire	Florida
201478453	Massachusetts	1	Berkshire	Rowe
201478570	Massachusetts	1	Franklin	Shelburne
201478653	Massachusetts	1	Franklin	Shelburne
201478444	Massachusetts	1	Franklin	Buckland
201478444	Massachusetts	1	Franklin	Charlemont
201478537	Massachusetts	1	Franklin	Charlemont
201478458	Massachusetts	1	Franklin	Buckland
201478458	Massachusetts	1	Franklin	Charlemont
201478468	Massachusetts	1	Franklin	Charlemont
201478516	Massachusetts	1	Franklin	Buckland
201478590	Massachusetts	1	Franklin	Charlemont
201478469	Massachusetts	1	Franklin	Buckland
201478469	Massachusetts	1	Franklin	Charlemont
201478457	Massachusetts	1	Franklin	Buckland
201478457	Massachusetts	1	Franklin	Charlemont
201478495	Massachusetts	1	Franklin	Buckland
201478494	Massachusetts	1	Franklin	Buckland
201478494	Massachusetts	1	Franklin	Charlemont
201478496	Massachusetts	1	Franklin	Greenfield
201478496	Massachusetts	1	Franklin	Shelburne
201478496	Massachusetts	2	Franklin	Greenfield
201478496	Massachusetts	2	Franklin	Shelburne
201478471	Massachusetts	1	Franklin	Shelburne
201478795	Massachusetts	1	Franklin	Shelburne
201478652	Massachusetts	1	Franklin	Shelburne
201478600	Massachusetts	1	Franklin	Charlemont
201478541	Massachusetts	1	Franklin	Greenfield
201478541	Massachusetts	1	Franklin	Shelburne
201478541	Massachusetts	2	Franklin	Greenfield
201478541	Massachusetts	2	Franklin	Shelburne
201478500	Massachusetts	1	Franklin	Buckland
201478500	Massachusetts	1	Franklin	Charlemont
201478501	Massachusetts	1	Franklin	Buckland
201478512	Massachusetts	1	Franklin	Buckland
201478529	Massachusetts	2	Franklin	Deerfield
201478529	Massachusetts	2	Franklin	Greenfield
201478555	Massachusetts	1	Franklin	Buckland
201478555	Massachusetts	1	Franklin	Charlemont
201478552	Massachusetts	1	Franklin	Buckland
201478552	Massachusetts	1	Franklin	Charlemont
201478510	Massachusetts	1	Franklin	Charlemont
201478532	Massachusetts	2	Franklin	Greenfield
201478733	Massachusetts	1	Franklin	Buckland
201478775	Massachusetts	1	Franklin	Buckland
201478672	Massachusetts	2	Franklin	Greenfield
201478626	Massachusetts	1	Franklin	Charlemont
201478574	Massachusetts	1	Berkshire	Florida
201478574	Massachusetts	1	Berkshire	North adams
201478621	Massachusetts	2	Franklin	Deerfield
201478621	Massachusetts	2	Franklin	Greenfield
201478551	Massachusetts	1	Berkshire	Florida
201478547	Massachusetts	1	Berkshire	Florida
201478547	Massachusetts	1	Berkshire	North adams
201478638	Massachusetts	1	Franklin	Charlemont
201478562	Massachusetts	1	Berkshire	Florida
201478578	Massachusetts	1	Berkshire	Florida
201478578	Massachusetts	1	Berkshire	Savoy
201478664	Massachusetts	1	Franklin	Shelburne
201478714	Massachusetts	1	Franklin	Florida
201478714	Massachusetts	1	Franklin	Charlemont
201478714	Massachusetts	1	Franklin	Savoy
201478714	Massachusetts	1	Berkshire	Florida
201478714	Massachusetts	1	Berkshire	Charlemont
201478714	Massachusetts	1	Berkshire	Savoy
201478565	Massachusetts	1	Franklin	Buckland
201478565	Massachusetts	1	Franklin	Charlemont
201478624	Massachusetts	1	Franklin	Hawley
201478624	Massachusetts	1	Franklin	Charlemont
201478650	Massachusetts	1	Franklin	Buckland
201478650	Massachusetts	1	Franklin	Charlemont
201478579	Massachusetts	1	Berkshire	Florida
201478589	Massachusetts	1	Berkshire	Florida
201478691	Massachusetts	1	Berkshire	Florida
201478580	Massachusetts	1	Franklin	Buckland
201478580	Massachusetts	1	Franklin	Charlemont
201478598	Massachusetts	1	Franklin	Buckland
201478598	Massachusetts	1	Franklin	Charlemont
201478591	Massachusetts	1	Franklin	Hawley
201478591	Massachusetts	1	Franklin	Charlemont
201478737	Massachusetts	1	Franklin	Hawley
201478737	Massachusetts	1	Franklin	Charlemont
201478592	Massachusetts	1	Franklin	Buckland
201478592	Massachusetts	1	Franklin	Shelburne
201478645	Massachusetts	1	Franklin	Buckland
201478645	Massachusetts	1	Franklin	Shelburne
201478603	Massachusetts	1	Berkshire	Florida
201478603	Massachusetts	1	Berkshire	North adams
201478610	Massachusetts	1	Franklin	Buckland
201478610	Massachusetts	1	Franklin	Charlemont
201478604	Massachusetts	1	Berkshire	Florida
201478606	Massachusetts	1	Franklin	Charlemont
201478641	Massachusetts	2	Franklin	Greenfield
201478753	Massachusetts	1	Berkshire	Florida
201478753	Massachusetts	1	Berkshire	Savoy
201478620	Massachusetts	1	Franklin	Deerfield
201478620	Massachusetts	1	Franklin	Greenfield
201478620	Massachusetts	1	Franklin	Shelburne
201478620	Massachusetts	2	Franklin	Deerfield
201478620	Massachusetts	2	Franklin	Greenfield
201478620	Massachusetts	2	Franklin	Shelburne
201478608	Massachusetts	1	Franklin	Charlemont
201478605	Massachusetts	1	Franklin	Charlemont
201478627	Massachusetts	1	Franklin	Hawley
201478627	Massachusetts	1	Franklin	Buckland
201478627	Massachusetts	1	Franklin	Charlemont
201478700	Massachusetts	1	Berkshire	Florida
201478710	Massachusetts	1	Franklin	Hawley
201478710	Massachusetts	1	Franklin	Buckland
201478710	Massachusetts	1	Franklin	Charlemont
201478663	Massachusetts	1	Franklin	Shelburne
201478701	Massachusetts	1	Franklin	Hawley
201478701	Massachusetts	1	Franklin	Charlemont
201478713	Massachusetts	1	Berkshire	Adams
201478713	Massachusetts	1	Berkshire	Florida
201478713	Massachusetts	1	Berkshire	North adams
201478713	Massachusetts	1	Berkshire	Savoy
201478618	Massachusetts	1	Franklin	Charlemont
201478619	Massachusetts	1	Franklin	Charlemont
201478625	Massachusetts	1	Franklin	Charlemont
201478642	Massachusetts	2	Franklin	Deerfield
201478642	Massachusetts	2	Franklin	Greenfield
201478655	Massachusetts	1	Franklin	Hawley
201478655	Massachusetts	1	Franklin	Charlemont
201478686	Massachusetts	2	Franklin	Deerfield
201478774	Massachusetts	1	Franklin	Hawley
201478774	Massachusetts	1	Franklin	Buckland
201478774	Massachusetts	1	Franklin	Charlemont
201478764	Massachusetts	1	Franklin	Buckland
201478715	Massachusetts	1	Franklin	Hawley
201478715	Massachusetts	1	Franklin	Charlemont
201478683	Massachusetts	2	Franklin	Deerfield
201478683	Massachusetts	2	Franklin	Greenfield
201478651	Massachusetts	1	Franklin	Buckland
201478692	Massachusetts	1	Franklin	Conway
201478692	Massachusetts	1	Franklin	Buckland
201478732	Massachusetts	1	Franklin	Hawley
201478732	Massachusetts	1	Franklin	Charlemont
201478814	Massachusetts	1	Franklin	Hawley
201478814	Massachusetts	1	Franklin	Charlemont
201478742	Massachusetts	1	Franklin	Shelburne
201478754	Massachusetts	1	Berkshire	Florida
201478754	Massachusetts	1	Berkshire	Savoy
201478693	Massachusetts	2	Franklin	Deerfield
201478693	Massachusetts	2	Franklin	Greenfield
201478694	Massachusetts	2	Franklin	Deerfield
201478694	Massachusetts	2	Franklin	Greenfield
201478695	Massachusetts	2	Franklin	Deerfield
201478695	Massachusetts	2	Franklin	Greenfield
201478755	Massachusetts	1	Berkshire	Florida
201478755	Massachusetts	1	Berkshire	Savoy
201478794	Massachusetts	1	Franklin	Conway
201478794	Massachusetts	1	Franklin	Buckland
201478794	Massachusetts	1	Franklin	Shelburne
201479078	Massachusetts	1	Franklin	Deerfield
201479078	Massachusetts	1	Franklin	Greenfield
201479078	Massachusetts	1	Franklin	Shelburne
201479078	Massachusetts	2	Franklin	Deerfield
201479078	Massachusetts	2	Franklin	Greenfield
201479078	Massachusetts	2	Franklin	Shelburne
201478716	Massachusetts	1	Franklin	Deerfield
201478716	Massachusetts	1	Franklin	Greenfield
201478716	Massachusetts	1	Franklin	Shelburne
201478716	Massachusetts	2	Franklin	Deerfield
201478716	Massachusetts	2	Franklin	Greenfield
201478716	Massachusetts	2	Franklin	Shelburne
201478822	Massachusetts	2	Franklin	Deerfield
201478711	Massachusetts	2	Franklin	Deerfield
201478706	Massachusetts	1	Franklin	Hawley
201478706	Massachusetts	1	Franklin	Charlemont
201478717	Massachusetts	2	Franklin	Deerfield
201478717	Massachusetts	2	Franklin	Greenfield
201478722	Massachusetts	1	Berkshire	Florida
201478722	Massachusetts	1	Berkshire	Savoy
201478890	Massachusetts	1	Franklin	Hawley
201478890	Massachusetts	1	Franklin	Charlemont
201478756	Massachusetts	1	Franklin	Hawley
201478756	Massachusetts	1	Franklin	Charlemont
201478756	Massachusetts	1	Franklin	Savoy
201478756	Massachusetts	1	Berkshire	Hawley
201478756	Massachusetts	1	Berkshire	Charlemont
201478756	Massachusetts	1	Berkshire	Savoy
201478836	Massachusetts	2	Franklin	Deerfield
201478769	Massachusetts	1	Franklin	Hawley
201478769	Massachusetts	1	Franklin	Charlemont
201478726	Massachusetts	2	Franklin	Deerfield
201478725	Massachusetts	1	Berkshire	Florida
201478725	Massachusetts	1	Berkshire	Savoy
201478959	Massachusetts	1	Berkshire	Savoy
201478799	Massachusetts	1	Franklin	Shelburne
201478752	Massachusetts	1	Berkshire	Florida
201478752	Massachusetts	1	Berkshire	Savoy
201478973	Massachusetts	1	Franklin	Ashfield
201478973	Massachusetts	1	Franklin	Buckland
201478835	Massachusetts	1	Franklin	Buckland
201478743	Massachusetts	1	Franklin	Shelburne
201478800	Massachusetts	1	Franklin	Shelburne
201478792	Massachusetts	1	Berkshire	Florida
201478792	Massachusetts	1	Berkshire	Savoy
201478793	Massachusetts	1	Franklin	Buckland
201478866	Massachusetts	1	Franklin	Buckland
201478891	Massachusetts	1	Franklin	Hawley
201478979	Massachusetts	1	Berkshire	Savoy
201478842	Massachusetts	1	Franklin	Conway
201478842	Massachusetts	1	Franklin	Shelburne
201478807	Massachusetts	1	Berkshire	Savoy
201478797	Massachusetts	1	Berkshire	Savoy
201478806	Massachusetts	1	Berkshire	Savoy
201478904	Massachusetts	1	Franklin	Shelburne
201478872	Massachusetts	1	Berkshire	Savoy
201479000	Massachusetts	1	Franklin	Hawley
201478826	Massachusetts	2	Franklin	Deerfield
201478830	Massachusetts	2	Franklin	Deerfield
201478900	Massachusetts	1	Franklin	Hawley
201478965	Massachusetts	1	Franklin	Ashfield
201478965	Massachusetts	1	Franklin	Conway
201478965	Massachusetts	1	Franklin	Buckland
201478965	Massachusetts	1	Franklin	Shelburne
201478943	Massachusetts	1	Franklin	Conway
201478943	Massachusetts	1	Franklin	Shelburne
201478914	Massachusetts	1	Franklin	Buckland
201478937	Massachusetts	1	Franklin	Buckland
201479035	Massachusetts	1	Berkshire	Savoy
201479059	Massachusetts	1	Berkshire	Savoy
201479031	Massachusetts	1	Franklin	Buckland
201479098	Massachusetts	1	Franklin	Hawley
201478901	Massachusetts	2	Franklin	Deerfield
201478892	Massachusetts	2	Franklin	Deerfield
201478893	Massachusetts	2	Franklin	Deerfield
201478934	Massachusetts	1	Franklin	Hawley
201478925	Massachusetts	1	Franklin	Hawley
201479001	Massachusetts	2	Franklin	Deerfield
201478938	Massachusetts	1	Franklin	Conway
201478938	Massachusetts	1	Franklin	Shelburne
201479021	Massachusetts	1	Franklin	Deerfield
201479021	Massachusetts	1	Franklin	Shelburne
201479021	Massachusetts	2	Franklin	Deerfield
201479021	Massachusetts	2	Franklin	Shelburne
201478977	Massachusetts	1	Berkshire	Savoy
201479060	Massachusetts	1	Franklin	Hawley
201479037	Massachusetts	1	Franklin	Hawley
201478942	Massachusetts	1	Franklin	Buckland
201479119	Massachusetts	1	Franklin	Buckland
201479229	Massachusetts	1	Franklin	Conway
201479229	Massachusetts	1	Franklin	Shelburne
201478993	Massachusetts	2	Franklin	Deerfield
201479049	Massachusetts	1	Franklin	Hawley
201479049	Massachusetts	1	Franklin	Savoy
201479049	Massachusetts	1	Berkshire	Hawley
201479049	Massachusetts	1	Berkshire	Savoy
201478972	Massachusetts	1	Berkshire	Savoy
201479097	Massachusetts	1	Franklin	Hawley
201478985	Massachusetts	1	Berkshire	Savoy
201478976	Massachusetts	1	Franklin	Hawley
201478976	Massachusetts	1	Franklin	Buckland
201478994	Massachusetts	2	Franklin	Deerfield
201479042	Massachusetts	2	Franklin	Deerfield
201478995	Massachusetts	1	Berkshire	Savoy
201478978	Massachusetts	1	Berkshire	Savoy
201479006	Massachusetts	1	Franklin	Buckland
201479114	Massachusetts	1	Berkshire	Savoy
201479029	Massachusetts	1	Berkshire	Savoy
201479032	Massachusetts	2	Franklin	Deerfield
201479181	Massachusetts	1	Berkshire	Savoy
201479030	Massachusetts	1	Franklin	Buckland
201479162	Massachusetts	2	Franklin	Deerfield
201479047	Massachusetts	2	Franklin	Deerfield
201479017	Massachusetts	1	Franklin	Hawley
201479017	Massachusetts	1	Franklin	Buckland
201479080	Massachusetts	1	Franklin	Hawley
201479080	Massachusetts	1	Franklin	Buckland
201479046	Massachusetts	1	Franklin	Ashfield
201479046	Massachusetts	1	Franklin	Buckland
201479025	Massachusetts	1	Franklin	Deerfield
201479025	Massachusetts	1	Franklin	Conway
201479025	Massachusetts	1	Franklin	Shelburne
201479025	Massachusetts	2	Franklin	Deerfield
201479025	Massachusetts	2	Franklin	Conway
201479025	Massachusetts	2	Franklin	Shelburne
201479077	Massachusetts	1	Franklin	Deerfield
201479077	Massachusetts	1	Franklin	Conway
201479077	Massachusetts	2	Franklin	Deerfield
201479077	Massachusetts	2	Franklin	Conway
201479043	Massachusetts	2	Franklin	Deerfield
201479088	Massachusetts	1	Franklin	Hawley
201479081	Massachusetts	2	Franklin	Deerfield
201479234	Massachusetts	1	Franklin	Hawley
201479334	Massachusetts	1	Franklin	Hawley
201479058	Massachusetts	1	Franklin	Ashfield
201479058	Massachusetts	1	Franklin	Buckland
201479100	Massachusetts	2	Franklin	Deerfield
201479075	Massachusetts	1	Franklin	Ashfield
201479075	Massachusetts	1	Franklin	Conway
201479075	Massachusetts	1	Franklin	Buckland
201479057	Massachusetts	1	Franklin	Hawley
201479057	Massachusetts	1	Franklin	Savoy
201479057	Massachusetts	1	Berkshire	Hawley
201479057	Massachusetts	1	Berkshire	Savoy
201479182	Massachusetts	1	Franklin	Hawley
201479076	Massachusetts	1	Franklin	Ashfield
201479076	Massachusetts	1	Franklin	Conway
201479076	Massachusetts	1	Franklin	Buckland
201479073	Massachusetts	1	Berkshire	Savoy
201479072	Massachusetts	1	Berkshire	Savoy
201479249	Massachusetts	2	Franklin	Deerfield
201479089	Massachusetts	1	Franklin	Hawley
201479125	Massachusetts	1	Franklin	Deerfield
201479125	Massachusetts	1	Franklin	Conway
201479125	Massachusetts	2	Franklin	Deerfield
201479125	Massachusetts	2	Franklin	Conway
201479142	Massachusetts	1	Franklin	Hawley
201479241	Massachusetts	1	Franklin	Hawley
201479183	Massachusetts	1	Franklin	Hawley
201479259	Massachusetts	1	Franklin	Ashfield
201479259	Massachusetts	1	Franklin	Conway
201479290	Massachusetts	2	Franklin	Deerfield
201479143	Massachusetts	1	Franklin	Buckland
201479158	Massachusetts	1	Franklin	Ashfield
201479158	Massachusetts	1	Franklin	Buckland
201479267	Massachusetts	1	Franklin	Deerfield
201479267	Massachusetts	1	Franklin	Conway
201479267	Massachusetts	2	Franklin	Deerfield
201479267	Massachusetts	2	Franklin	Conway
201479211	Massachusetts	1	Franklin	Deerfield
201479211	Massachusetts	1	Franklin	Conway
201479211	Massachusetts	2	Franklin	Deerfield
201479211	Massachusetts	2	Franklin	Conway
201479167	Massachusetts	1	Franklin	Ashfield
201479167	Massachusetts	1	Franklin	Buckland
201479163	Massachusetts	2	Franklin	Deerfield
201479316	Massachusetts	1	Franklin	Ashfield
201479316	Massachusetts	1	Franklin	Buckland
201479166	Massachusetts	1	Franklin	Ashfield
201479166	Massachusetts	1	Franklin	Buckland
201479235	Massachusetts	1	Franklin	Hawley
201479212	Massachusetts	2	Franklin	Deerfield
201479228	Massachusetts	1	Franklin	Conway
201479191	Massachusetts	1	Franklin	Ashfield
201479264	Massachusetts	1	Franklin	Hawley
201479265	Massachusetts	2	Franklin	Deerfield
201479336	Massachusetts	1	Franklin	Ashfield
201479336	Massachusetts	1	Franklin	Buckland
201479268	Massachusetts	1	Franklin	Deerfield
201479268	Massachusetts	1	Franklin	Conway
201479268	Massachusetts	2	Franklin	Deerfield
201479268	Massachusetts	2	Franklin	Conway
201479411	Massachusetts	1	Franklin	Conway
201479263	Massachusetts	1	Franklin	Hawley
201479236	Massachusetts	1	Franklin	Buckland
201479289	Massachusetts	1	Franklin	Conway
201479284	Massachusetts	1	Franklin	Hawley
201479359	Massachusetts	1	Franklin	Hawley
201479359	Massachusetts	1	Franklin	Savoy
201479359	Massachusetts	1	Berkshire	Hawley
201479359	Massachusetts	1	Berkshire	Savoy
201479266	Massachusetts	1	Franklin	Ashfield
201479266	Massachusetts	1	Franklin	Buckland
201479256	Massachusetts	2	Franklin	Deerfield
201479396	Massachusetts	1	Berkshire	Savoy
201479307	Massachusetts	1	Franklin	Conway
201479344	Massachusetts	2	Franklin	Deerfield
201479300	Massachusetts	1	Franklin	Ashfield
201479300	Massachusetts	1	Franklin	Conway
201479319	Massachusetts	1	Franklin	Deerfield
201479319	Massachusetts	1	Franklin	Conway
201479319	Massachusetts	2	Franklin	Deerfield
201479319	Massachusetts	2	Franklin	Conway
201479345	Massachusetts	1	Franklin	Hawley
201479272	Massachusetts	1	Franklin	Ashfield
201479272	Massachusetts	1	Franklin	Hawley
201479272	Massachusetts	1	Franklin	Buckland
201479314	Massachusetts	1	Franklin	Conway
201479367	Massachusetts	1	Franklin	Ashfield
201479367	Massachusetts	1	Franklin	Hawley
201479367	Massachusetts	1	Franklin	Buckland
201479331	Massachusetts	1	Franklin	Conway
201479308	Massachusetts	1	Franklin	Conway
201479368	Massachusetts	1	Franklin	Conway
201479389	Massachusetts	1	Franklin	Ashfield
201479317	Massachusetts	2	Franklin	Deerfield
201479390	Massachusetts	2	Franklin	Deerfield
201479340	Massachusetts	1	Berkshire	Savoy
201479424	Massachusetts	1	Franklin	Ashfield
201479424	Massachusetts	1	Franklin	Conway
201479341	Massachusetts	1	Berkshire	Savoy
201479327	Massachusetts	1	Franklin	Ashfield
201479327	Massachusetts	1	Franklin	Buckland
201479492	Massachusetts	1	Franklin	Ashfield
201479335	Massachusetts	1	Franklin	Ashfield
201479343	Massachusetts	1	Franklin	Ashfield
201479410	Massachusetts	1	Berkshire	Savoy
201479379	Massachusetts	1	Franklin	Hawley
201479398	Massachusetts	1	Franklin	Ashfield
201479404	Massachusetts	1	Berkshire	Savoy
201479432	Massachusetts	1	Franklin	Ashfield
201479422	Massachusetts	1	Franklin	Hawley
201479374	Massachusetts	1	Franklin	Hawley
201479394	Massachusetts	1	Franklin	Hawley
201479416	Massachusetts	1	Franklin	Hawley
201479416	Massachusetts	1	Franklin	Savoy
201479416	Massachusetts	1	Berkshire	Hawley
201479416	Massachusetts	1	Berkshire	Savoy
201479373	Massachusetts	1	Franklin	Ashfield
201479373	Massachusetts	1	Franklin	Hawley
201479373	Massachusetts	1	Franklin	Buckland
201479397	Massachusetts	1	Franklin	Ashfield
201479811	Massachusetts	1	Hampshire	Hawley
201479811	Massachusetts	1	Hampshire	Plainfield
201479811	Massachusetts	1	Franklin	Hawley
201479811	Massachusetts	1	Franklin	Plainfield
201479446	Massachusetts	1	Franklin	Ashfield
201479443	Massachusetts	1	Berkshire	Savoy
201479421	Massachusetts	1	Franklin	Hawley
201479465	Massachusetts	1	Franklin	Hawley
201479480	Massachusetts	1	Franklin	Hawley
201479423	Massachusetts	1	Franklin	Ashfield
201479407	Massachusetts	1	Franklin	Ashfield
201479533	Massachusetts	1	Franklin	Hawley
201479452	Massachusetts	1	Berkshire	Savoy
201479415	Massachusetts	1	Berkshire	Savoy
201479532	Massachusetts	1	Franklin	Hawley
201479481	Massachusetts	1	Franklin	Conway
201479658	Massachusetts	1	Franklin	Conway
201479591	Massachusetts	1	Franklin	Hawley
201479591	Massachusetts	1	Franklin	Savoy
201479591	Massachusetts	1	Berkshire	Hawley
201479591	Massachusetts	1	Berkshire	Savoy
201479599	Massachusetts	1	Hampshire	Hawley
201479599	Massachusetts	1	Hampshire	Plainfield
201479599	Massachusetts	1	Hampshire	Savoy
201479599	Massachusetts	1	Franklin	Hawley
201479599	Massachusetts	1	Franklin	Plainfield
201479599	Massachusetts	1	Franklin	Savoy
201479599	Massachusetts	1	Berkshire	Hawley
201479599	Massachusetts	1	Berkshire	Plainfield
201479599	Massachusetts	1	Berkshire	Savoy
201479537	Massachusetts	1	Franklin	Ashfield
201479548	Massachusetts	1	Berkshire	Savoy
201479576	Massachusetts	1	Franklin	Hawley
201479525	Massachusetts	1	Franklin	Ashfield
201479566	Massachusetts	1	Hampshire	Hawley
201479566	Massachusetts	1	Hampshire	Plainfield
201479566	Massachusetts	1	Franklin	Hawley
201479566	Massachusetts	1	Franklin	Plainfield
201479567	Massachusetts	1	Franklin	Ashfield
201479554	Massachusetts	1	Franklin	Hawley
201479809	Massachusetts	1	Franklin	Ashfield
201479601	Massachusetts	1	Hampshire	Hawley
201479601	Massachusetts	1	Hampshire	Plainfield
201479601	Massachusetts	1	Franklin	Hawley
201479601	Massachusetts	1	Franklin	Plainfield
201479717	Massachusetts	1	Franklin	Ashfield
201479717	Massachusetts	1	Franklin	Conway
201479608	Massachusetts	1	Hampshire	Hawley
201479608	Massachusetts	1	Hampshire	Plainfield
201479608	Massachusetts	1	Franklin	Hawley
201479608	Massachusetts	1	Franklin	Plainfield
201479687	Massachusetts	1	Franklin	Ashfield
201479716	Massachusetts	1	Franklin	Ashfield
201479716	Massachusetts	1	Franklin	Conway
201479676	Massachusetts	1	Franklin	Conway
201479708	Massachusetts	1	Franklin	Conway
201479941	Massachusetts	1	Franklin	Conway
201479763	Massachusetts	1	Franklin	Conway
201479675	Massachusetts	1	Franklin	Conway
201479688	Massachusetts	1	Franklin	Conway
201479738	Massachusetts	1	Franklin	Ashfield
201479875	Massachusetts	1	Franklin	Conway
201479735	Massachusetts	1	Franklin	Conway
201479806	Massachusetts	1	Franklin	Conway
201479752	Massachusetts	1	Franklin	Ashfield
201479833	Massachusetts	1	Franklin	Ashfield
201479820	Massachusetts	1	Franklin	Ashfield
201479843	Massachusetts	1	Franklin	Ashfield
201479842	Massachusetts	1	Franklin	Ashfield
201479912	Massachusetts	1	Franklin	Ashfield
201479955	Massachusetts	1	Franklin	Ashfield
201479928	Massachusetts	1	Franklin	Conway
201479898	Massachusetts	1	Franklin	Conway
201480012	Massachusetts	1	Franklin	Ashfield
201480012	Massachusetts	1	Franklin	Conway
201480007	Massachusetts	1	Franklin	Ashfield
201480000	Massachusetts	1	Franklin	Ashfield
201480127	Massachusetts	1	Franklin	Ashfield
201480127	Massachusetts	1	Franklin	Conway
201480084	Massachusetts	1	Franklin	Conway
201480133	Massachusetts	1	Franklin	Ashfield
201480134	Massachusetts	1	Franklin	Ashfield
201480134	Massachusetts	1	Franklin	Conway
201480177	Massachusetts	1	Franklin	Ashfield
201480177	Massachusetts	1	Franklin	Conway
201480232	Massachusetts	1	Franklin	Ashfield
201480235	Massachusetts	1	Franklin	Ashfield
201480377	Massachusetts	1	Franklin	Ashfield
201480376	Massachusetts	1	Franklin	Ashfield
201480409	Massachusetts	1	Hampshire	Ashfield
201480409	Massachusetts	1	Hampshire	Goshen
201480409	Massachusetts	1	Franklin	Ashfield
201480409	Massachusetts	1	Franklin	Goshen
