unique_id	state	dot_district	county	town
727	Vermont	2	Windham	Halifax
1305	Vermont	2	Windham	Halifax
1148	Vermont	2	Windham	Halifax
1147	Vermont	2	Windham	Halifax
907	Vermont	2	Windham	Halifax
734	Vermont	2	Windham	Halifax
735	Vermont	2	Windham	Halifax
1151	Vermont	2	Windham	Halifax
964	Vermont	2	Windham	Halifax
1344	Vermont	2	Windham	Halifax
730	Vermont	2	Windham	Halifax
1349	Vermont	2	Windham	Halifax
1348	Vermont	2	Windham	Halifax
582	Vermont	2	Windham	Marlboro
724	Vermont	2	Windham	Halifax
725	Vermont	2	Windham	Halifax
583	Vermont	2	Windham	Marlboro
1376	Vermont	2	Windham	Halifax
1381	Vermont	2	Windham	Halifax
781	Vermont	2	Windham	Halifax
778	Vermont	2	Windham	Halifax
1383	Vermont	2	Windham	Halifax
780	Vermont	2	Windham	Halifax
779	Vermont	2	Windham	Halifax
642	Vermont	2	Windham	Brattleboro
664	Vermont	2	Windham	Halifax
663	Vermont	2	Windham	Halifax
1111	Vermont	2	Windham	Halifax
1114	Vermont	2	Windham	Halifax
775	Vermont	2	Windham	Halifax
659	Vermont	2	Windham	Guilford
1297	Vermont	2	Windham	Halifax
1105	Vermont	2	Windham	Halifax
776	Vermont	2	Windham	Halifax
963	Vermont	2	Windham	Halifax
661	Vermont	2	Windham	Guilford
1004	Vermont	2	Windham	Halifax
956	Vermont	2	Windham	Halifax
1295	Vermont	2	Windham	Halifax
1298	Vermont	2	Windham	Halifax
660	Vermont	2	Windham	Guilford
1001	Vermont	2	Windham	Halifax
750	Vermont	2	Windham	Guilford
753	Vermont	2	Windham	Guilford
1099	Vermont	2	Windham	Guilford
751	Vermont	2	Windham	Guilford
757	Vermont	2	Windham	Guilford
979	Vermont	2	Windham	Guilford
977	Vermont	2	Windham	Guilford
749	Vermont	2	Windham	Guilford
740	Vermont	2	Windham	Guilford
973	Vermont	2	Windham	Guilford
744	Vermont	2	Windham	Guilford
1093	Vermont	2	Windham	Guilford
746	Vermont	2	Windham	Guilford
1098	Vermont	2	Windham	Guilford
1097	Vermont	2	Windham	Guilford
1096	Vermont	2	Windham	Guilford
985	Vermont	2	Windham	Guilford
1250	Vermont	2	Windham	Guilford
984	Vermont	2	Windham	Guilford
1255	Vermont	2	Windham	Guilford
1095	Vermont	2	Windham	Guilford
1256	Vermont	2	Windham	Guilford
1094	Vermont	2	Windham	Guilford
1333	Vermont	2	Windham	Guilford
1332	Vermont	2	Windham	Guilford
1329	Vermont	2	Windham	Guilford
1337	Vermont	2	Windham	Guilford
183	Vermont	1	Bennington	Glastenbury
232	Vermont	1	Bennington	Glastenbury
121	Vermont	1	Bennington	Glastenbury
235	Vermont	1	Bennington	Glastenbury
118	Vermont	1	Bennington	Glastenbury
94	Vermont	1	Bennington	Glastenbury
233	Vermont	1	Bennington	Glastenbury
128	Vermont	1	Bennington	Glastenbury
157	Vermont	1	Bennington	Glastenbury
234	Vermont	1	Bennington	Glastenbury
184	Vermont	1	Bennington	Glastenbury
304	Vermont	1	Bennington	Glastenbury
56	Vermont	1	Windham	Stratton
236	Vermont	1	Windham	Somerset
293	Vermont	1	Windham	Somerset
179	Vermont	1	Windham	Somerset
239	Vermont	1	Windham	Somerset
296	Vermont	1	Windham	Somerset
294	Vermont	1	Windham	Somerset
295	Vermont	1	Windham	Somerset
297	Vermont	1	Windham	Somerset
148	Vermont	1	Windham	Somerset
298	Vermont	1	Windham	Somerset
299	Vermont	1	Windham	Somerset
65	Vermont	1	Windham	Somerset
348	Vermont	1	Windham	Somerset
62	Vermont	1	Windham	Somerset
110	Vermont	1	Windham	Somerset
124	Vermont	1	Windham	Somerset
190	Vermont	1	Windham	Somerset
126	Vermont	1	Windham	Somerset
192	Vermont	1	Windham	Somerset
164	Vermont	1	Windham	Somerset
377	Vermont	1	Bennington	Searsburg
168	Vermont	1	Windham	Somerset
166	Vermont	1	Windham	Somerset
389	Vermont	1	Bennington	Searsburg
132	Vermont	1	Windham	Somerset
83	Vermont	1	Windham	Somerset
171	Vermont	1	Windham	Somerset
173	Vermont	1	Windham	Somerset
103	Vermont	1	Windham	Dover
139	Vermont	1	Windham	Dover
135	Vermont	1	Windham	Dover
141	Vermont	1	Windham	Dover
140	Vermont	1	Windham	Dover
96	Vermont	1	Windham	Dover
97	Vermont	1	Windham	Dover
98	Vermont	1	Windham	Dover
206	Vermont	1	Windham	Dover
414	Vermont	1	Windham	Wilmington
211	Vermont	1	Windham	Dover
101	Vermont	1	Windham	Dover
99	Vermont	1	Windham	Dover
108	Vermont	1	Windham	Dover
214	Vermont	1	Windham	Dover
212	Vermont	1	Windham	Dover
279	Vermont	1	Windham	Dover
273	Vermont	1	Windham	Wilmington
217	Vermont	1	Windham	Dover
207	Vermont	1	Windham	Dover
275	Vermont	1	Windham	Wilmington
216	Vermont	1	Windham	Dover
310	Vermont	1	Windham	Wilmington
307	Vermont	1	Windham	Wilmington
317	Vermont	1	Windham	Wilmington
215	Vermont	1	Windham	Dover
208	Vermont	1	Windham	Dover
336	Vermont	1	Windham	Wilmington
337	Vermont	1	Windham	Wilmington
263	Vermont	1	Windham	Dover
116	Vermont	1	Windham	Dover
355	Vermont	1	Windham	Wilmington
356	Vermont	1	Windham	Wilmington
265	Vermont	1	Windham	Dover
264	Vermont	1	Windham	Dover
196	Vermont	1	Windham	Dover
151	Vermont	1	Windham	Dover
152	Vermont	1	Windham	Dover
362	Vermont	1	Windham	Wilmington
321	Vermont	1	Windham	Wilmington
322	Vermont	1	Windham	Wilmington
357	Vermont	1	Windham	Wilmington
325	Vermont	1	Windham	Wilmington
324	Vermont	1	Windham	Wilmington
363	Vermont	1	Windham	Wilmington
360	Vermont	1	Windham	Wilmington
253	Vermont	1	Windham	Dover
323	Vermont	1	Windham	Wilmington
155	Vermont	1	Windham	Dover
252	Vermont	1	Windham	Wilmington
314	Vermont	1	Windham	Wilmington
315	Vermont	1	Windham	Wilmington
251	Vermont	1	Windham	Wilmington
282	Vermont	1	Windham	Wilmington
249	Vermont	1	Windham	Dover
287	Vermont	1	Windham	Wilmington
250	Vermont	1	Windham	Wilmington
339	Vermont	1	Windham	Wilmington
366	Vermont	1	Windham	Wilmington
365	Vermont	1	Windham	Wilmington
352	Vermont	1	Windham	Wilmington
351	Vermont	1	Windham	Wilmington
383	Vermont	1	Windham	Wilmington
286	Vermont	1	Windham	Wilmington
285	Vermont	1	Windham	Wilmington
341	Vermont	1	Windham	Wilmington
368	Vermont	1	Windham	Wilmington
367	Vermont	1	Windham	Wilmington
372	Vermont	1	Windham	Wilmington
181	Vermont	1	Bennington	Glastenbury
1743	Vermont	1	Bennington	Stamford
1803	Vermont	1	Bennington	Readsboro
1804	Vermont	1	Bennington	Readsboro
1584	Vermont	1	Bennington	Readsboro
1581	Vermont	1	Bennington	Readsboro
1541	Vermont	1	Bennington	Readsboro
1557	Vermont	1	Bennington	Readsboro
1559	Vermont	1	Bennington	Readsboro
1561	Vermont	1	Bennington	Readsboro
1562	Vermont	1	Bennington	Readsboro
1563	Vermont	1	Bennington	Readsboro
1591	Vermont	1	Bennington	Readsboro
1586	Vermont	1	Bennington	Readsboro
1589	Vermont	1	Bennington	Readsboro
1276	Vermont	2	Windham	Halifax
1219	Vermont	2	Windham	Halifax
1175	Vermont	2	Windham	Halifax
678	Vermont	2	Windham	Marlboro
679	Vermont	2	Windham	Marlboro
1178	Vermont	2	Windham	Halifax
510	Vermont	2	Windham	Marlboro
1185	Vermont	2	Windham	Halifax
1192	Vermont	2	Windham	Halifax
1318	Vermont	2	Windham	Halifax
1184	Vermont	2	Windham	Halifax
1312	Vermont	2	Windham	Halifax
1316	Vermont	2	Windham	Halifax
669	Vermont	2	Windham	Halifax
666	Vermont	2	Windham	Halifax
1310	Vermont	2	Windham	Halifax
946	Vermont	2	Windham	Halifax
514	Vermont	2	Windham	Marlboro
691	Vermont	2	Windham	Halifax
693	Vermont	2	Windham	Halifax
772	Vermont	2	Windham	Halifax
689	Vermont	2	Windham	Halifax
1308	Vermont	2	Windham	Halifax
692	Vermont	2	Windham	Halifax
845	Vermont	1	Windham	Wilmington
559	Vermont	1	Windham	Wilmington
558	Vermont	1	Windham	Wilmington
557	Vermont	1	Windham	Wilmington
1483	Vermont	1	Windham	Whitingham
570	Vermont	1	Windham	Wilmington
568	Vermont	1	Windham	Wilmington
1247	Vermont	1	Windham	Whitingham
569	Vermont	1	Windham	Wilmington
1073	Vermont	1	Windham	Whitingham
840	Vermont	1	Windham	Whitingham
901	Vermont	1	Windham	Whitingham
841	Vermont	1	Windham	Whitingham
1076	Vermont	1	Windham	Whitingham
897	Vermont	1	Windham	Whitingham
1026	Vermont	1	Windham	Whitingham
903	Vermont	1	Windham	Whitingham
1018	Vermont	1	Windham	Whitingham
898	Vermont	1	Windham	Whitingham
904	Vermont	1	Windham	Whitingham
1020	Vermont	1	Windham	Whitingham
1021	Vermont	1	Windham	Whitingham
908	Vermont	1	Windham	Whitingham
1031	Vermont	1	Windham	Whitingham
1077	Vermont	1	Windham	Whitingham
1100	Vermont	1	Windham	Whitingham
913	Vermont	1	Windham	Whitingham
912	Vermont	1	Windham	Whitingham
1425	Vermont	1	Windham	Whitingham
808	Vermont	1	Windham	Wilmington
1125	Vermont	1	Windham	Whitingham
911	Vermont	1	Windham	Whitingham
804	Vermont	1	Windham	Whitingham
623	Vermont	2	Windham	Marlboro
802	Vermont	2	Windham	Halifax
805	Vermont	2	Windham	Marlboro
856	Vermont	1	Windham	Whitingham
1101	Vermont	1	Windham	Whitingham
1284	Vermont	1	Windham	Whitingham
1422	Vermont	1	Windham	Whitingham
1123	Vermont	1	Windham	Whitingham
657	Vermont	2	Windham	Marlboro
652	Vermont	2	Windham	Marlboro
656	Vermont	2	Windham	Marlboro
1302	Vermont	1	Windham	Whitingham
1303	Vermont	1	Windham	Whitingham
885	Vermont	2	Windham	Halifax
619	Vermont	2	Windham	Marlboro
645	Vermont	2	Windham	Marlboro
1221	Vermont	2	Windham	Halifax
1239	Vermont	2	Windham	Halifax
1277	Vermont	2	Windham	Halifax
832	Vermont	2	Windham	Halifax
1242	Vermont	2	Windham	Halifax
1241	Vermont	2	Windham	Halifax
1061	Vermont	2	Windham	Halifax
1240	Vermont	2	Windham	Halifax
1066	Vermont	2	Windham	Halifax
1065	Vermont	2	Windham	Halifax
1064	Vermont	2	Windham	Halifax
929	Vermont	2	Windham	Halifax
921	Vermont	2	Windham	Halifax
1063	Vermont	2	Windham	Halifax
1059	Vermont	2	Windham	Halifax
1051	Vermont	2	Windham	Halifax
719	Vermont	2	Windham	Halifax
722	Vermont	2	Windham	Halifax
1058	Vermont	2	Windham	Halifax
1056	Vermont	2	Windham	Halifax
721	Vermont	2	Windham	Halifax
1055	Vermont	2	Windham	Halifax
1054	Vermont	2	Windham	Halifax
1052	Vermont	2	Windham	Halifax
1173	Vermont	2	Windham	Halifax
1224	Vermont	2	Windham	Halifax
926	Vermont	2	Windham	Halifax
1263	Vermont	2	Windham	Halifax
720	Vermont	2	Windham	Halifax
924	Vermont	2	Windham	Halifax
682	Vermont	2	Windham	Halifax
1321	Vermont	2	Windham	Halifax
676	Vermont	2	Windham	Marlboro
696	Vermont	2	Windham	Halifax
1264	Vermont	2	Windham	Halifax
677	Vermont	2	Windham	Marlboro
936	Vermont	2	Windham	Halifax
685	Vermont	2	Windham	Halifax
450	Vermont	2	Windham	Marlboro
1190	Vermont	2	Windham	Halifax
683	Vermont	2	Windham	Halifax
1193	Vermont	2	Windham	Halifax
934	Vermont	2	Windham	Halifax
454	Vermont	2	Windham	Marlboro
1187	Vermont	2	Windham	Halifax
451	Vermont	2	Windham	Marlboro
1322	Vermont	2	Windham	Halifax
933	Vermont	2	Windham	Halifax
458	Vermont	1	Windham	Wilmington
1403	Vermont	1	Windham	Whitingham
485	Vermont	1	Windham	Wilmington
1385	Vermont	1	Windham	Whitingham
629	Vermont	1	Windham	Wilmington
479	Vermont	1	Windham	Wilmington
628	Vermont	1	Windham	Wilmington
1406	Vermont	1	Windham	Whitingham
627	Vermont	1	Windham	Wilmington
482	Vermont	1	Windham	Wilmington
403	Vermont	1	Windham	Wilmington
850	Vermont	1	Windham	Whitingham
1292	Vermont	1	Windham	Whitingham
862	Vermont	1	Windham	Whitingham
701	Vermont	1	Windham	Wilmington
861	Vermont	1	Windham	Whitingham
1169	Vermont	1	Windham	Whitingham
702	Vermont	1	Windham	Wilmington
710	Vermont	1	Windham	Wilmington
871	Vermont	1	Windham	Whitingham
536	Vermont	1	Windham	Wilmington
537	Vermont	1	Windham	Wilmington
853	Vermont	1	Windham	Wilmington
1437	Vermont	1	Windham	Whitingham
698	Vermont	1	Windham	Wilmington
707	Vermont	1	Windham	Wilmington
852	Vermont	1	Windham	Wilmington
870	Vermont	1	Windham	Whitingham
1288	Vermont	1	Windham	Whitingham
1245	Vermont	1	Windham	Whitingham
1168	Vermont	1	Windham	Whitingham
539	Vermont	1	Windham	Wilmington
1167	Vermont	1	Windham	Whitingham
1287	Vermont	1	Windham	Whitingham
869	Vermont	1	Windham	Whitingham
529	Vermont	1	Windham	Wilmington
530	Vermont	1	Windham	Wilmington
528	Vermont	1	Windham	Wilmington
1244	Vermont	1	Windham	Whitingham
597	Vermont	1	Windham	Wilmington
1163	Vermont	1	Windham	Whitingham
545	Vermont	1	Windham	Wilmington
762	Vermont	1	Windham	Wilmington
760	Vermont	1	Windham	Wilmington
868	Vermont	1	Windham	Whitingham
601	Vermont	1	Windham	Wilmington
600	Vermont	1	Windham	Wilmington
604	Vermont	1	Windham	Wilmington
1071	Vermont	1	Windham	Whitingham
633	Vermont	1	Windham	Wilmington
1030	Vermont	1	Windham	Whitingham
611	Vermont	1	Windham	Wilmington
562	Vermont	1	Windham	Wilmington
610	Vermont	1	Windham	Wilmington
370	Vermont	1	Windham	Wilmington
607	Vermont	1	Windham	Wilmington
1075	Vermont	1	Windham	Whitingham
1074	Vermont	1	Windham	Whitingham
1029	Vermont	1	Windham	Whitingham
566	Vermont	1	Windham	Wilmington
1028	Vermont	1	Windham	Whitingham
565	Vermont	1	Windham	Wilmington
1068	Vermont	1	Windham	Whitingham
1027	Vermont	1	Windham	Whitingham
843	Vermont	1	Windham	Wilmington
1025	Vermont	1	Windham	Whitingham
564	Vermont	1	Windham	Wilmington
1072	Vermont	1	Windham	Whitingham
1486	Vermont	1	Windham	Whitingham
618	Vermont	2	Windham	Marlboro
1133	Vermont	1	Windham	Whitingham
654	Vermont	2	Windham	Marlboro
1136	Vermont	2	Windham	Halifax
1137	Vermont	2	Windham	Halifax
621	Vermont	2	Windham	Marlboro
826	Vermont	2	Windham	Halifax
1300	Vermont	2	Windham	Halifax
1223	Vermont	2	Windham	Halifax
827	Vermont	2	Windham	Halifax
626	Vermont	1	Windham	Wilmington
625	Vermont	1	Windham	Wilmington
994	Vermont	1	Windham	Whitingham
1358	Vermont	1	Windham	Whitingham
1143	Vermont	1	Windham	Whitingham
428	Vermont	1	Windham	Wilmington
481	Vermont	1	Windham	Wilmington
1215	Vermont	1	Windham	Whitingham
1447	Vermont	1	Windham	Whitingham
427	Vermont	1	Windham	Wilmington
1449	Vermont	1	Windham	Whitingham
1448	Vermont	1	Windham	Whitingham
1214	Vermont	1	Windham	Whitingham
814	Vermont	1	Windham	Wilmington
1213	Vermont	1	Windham	Whitingham
990	Vermont	1	Windham	Whitingham
478	Vermont	1	Windham	Wilmington
1161	Vermont	1	Windham	Whitingham
1212	Vermont	1	Windham	Whitingham
704	Vermont	1	Windham	Wilmington
498	Vermont	1	Windham	Wilmington
497	Vermont	1	Windham	Wilmington
1158	Vermont	1	Windham	Whitingham
1156	Vermont	1	Windham	Whitingham
1155	Vermont	1	Windham	Whitingham
487	Vermont	1	Windham	Wilmington
525	Vermont	1	Windham	Wilmington
1165	Vermont	1	Windham	Whitingham
1571	Vermont	1	Windham	Whitingham
1521	Vermont	1	Windham	Whitingham
1520	Vermont	1	Windham	Whitingham
1518	Vermont	1	Windham	Whitingham
1523	Vermont	1	Windham	Whitingham
1433	Vermont	1	Windham	Whitingham
1432	Vermont	1	Windham	Whitingham
1485	Vermont	1	Windham	Whitingham
1511	Vermont	1	Windham	Whitingham
1484	Vermont	1	Windham	Whitingham
1430	Vermont	1	Windham	Whitingham
21	Vermont	1	Windham	Stratton
22	Vermont	1	Windham	Stratton
36	Vermont	1	Windham	Stratton
39	Vermont	1	Windham	Stratton
30	Vermont	1	Windham	Stratton
1	Vermont	1	Windham	Stratton
4	Vermont	1	Windham	Stratton
25	Vermont	1	Windham	Stratton
28	Vermont	1	Windham	Stratton
1045	Vermont	1	Bennington	Readsboro
1046	Vermont	1	Bennington	Readsboro
1040	Vermont	1	Bennington	Readsboro
1015	Vermont	1	Bennington	Readsboro
1016	Vermont	1	Bennington	Readsboro
421	Vermont	1	Bennington	Searsburg
493	Vermont	1	Bennington	Searsburg
1011	Vermont	1	Bennington	Readsboro
1043	Vermont	1	Bennington	Readsboro
1013	Vermont	1	Bennington	Readsboro
1012	Vermont	1	Bennington	Readsboro
500	Vermont	1	Windham	Wilmington
503	Vermont	1	Windham	Wilmington
409	Vermont	1	Windham	Wilmington
501	Vermont	1	Windham	Wilmington
507	Vermont	1	Windham	Wilmington
412	Vermont	1	Windham	Wilmington
410	Vermont	1	Windham	Wilmington
415	Vermont	1	Windham	Wilmington
457	Vermont	1	Windham	Wilmington
915	Vermont	1	Windham	Whitingham
1079	Vermont	1	Windham	Whitingham
1404	Vermont	1	Windham	Whitingham
1209	Vermont	1	Windham	Whitingham
400	Vermont	1	Bennington	Woodford
462	Vermont	1	Bennington	Woodford
464	Vermont	1	Bennington	Woodford
944	Vermont	1	Bennington	Woodford
467	Vermont	1	Bennington	Woodford
917	Vermont	1	Bennington	Woodford
573	Vermont	1	Bennington	Woodford
466	Vermont	1	Bennington	Woodford
465	Vermont	1	Bennington	Woodford
918	Vermont	1	Bennington	Woodford
767	Vermont	1	Bennington	Woodford
576	Vermont	1	Bennington	Searsburg
575	Vermont	1	Bennington	Searsburg
949	Vermont	1	Bennington	Woodford
950	Vermont	1	Bennington	Woodford
1037	Vermont	1	Bennington	Woodford
1008	Vermont	1	Bennington	Readsboro
1009	Vermont	1	Bennington	Readsboro
616	Vermont	1	Bennington	Searsburg
423	Vermont	1	Bennington	Searsburg
422	Vermont	1	Bennington	Searsburg
491	Vermont	1	Bennington	Searsburg
1235	Vermont	1	Bennington	Readsboro
494	Vermont	1	Bennington	Searsburg
1087	Vermont	1	Bennington	Readsboro
469	Vermont	1	Bennington	Searsburg
471	Vermont	1	Bennington	Searsburg
1216	Vermont	1	Bennington	Readsboro
1129	Vermont	1	Bennington	Readsboro
1366	Vermont	1	Bennington	Readsboro
1128	Vermont	1	Bennington	Readsboro
1127	Vermont	1	Bennington	Readsboro
474	Vermont	1	Bennington	Searsburg
472	Vermont	1	Bennington	Searsburg
1237	Vermont	1	Bennington	Readsboro
1268	Vermont	1	Bennington	Readsboro
1361	Vermont	1	Bennington	Readsboro
1273	Vermont	1	Bennington	Readsboro
1350	Vermont	1	Bennington	Readsboro
1419	Vermont	1	Bennington	Readsboro
541	Vermont	1	Windham	Wilmington
1120	Vermont	1	Bennington	Readsboro
1420	Vermont	1	Bennington	Readsboro
546	Vermont	1	Windham	Wilmington
1412	Vermont	1	Bennington	Readsboro
418	Vermont	1	Windham	Wilmington
549	Vermont	1	Windham	Wilmington
550	Vermont	1	Windham	Wilmington
1426	Vermont	1	Bennington	Readsboro
1121	Vermont	1	Bennington	Readsboro
1227	Vermont	1	Bennington	Readsboro
1118	Vermont	1	Bennington	Readsboro
1428	Vermont	1	Bennington	Readsboro
1393	Vermont	1	Bennington	Readsboro
1395	Vermont	1	Bennington	Readsboro
1394	Vermont	1	Bennington	Readsboro
417	Vermont	1	Windham	Wilmington
416	Vermont	1	Windham	Wilmington
553	Vermont	1	Windham	Wilmington
1401	Vermont	1	Bennington	Readsboro
1084	Vermont	1	Bennington	Readsboro
2766	Massachusetts	2	Franklin	Deerfield
2767	Massachusetts	2	Franklin	Deerfield
2078	Massachusetts	2	Franklin	Greenfield
2534	Massachusetts	2	Franklin	Greenfield
2535	Massachusetts	2	Franklin	Greenfield
2283	Massachusetts	2	Franklin	Greenfield
2278	Massachusetts	2	Franklin	Greenfield
1654	Massachusetts	2	Franklin	Bernardston
2290	Massachusetts	2	Franklin	Greenfield
2067	Massachusetts	2	Franklin	Greenfield
1646	Massachusetts	2	Franklin	Leyden
2709	Massachusetts	1	Franklin	Shelburne
2715	Massachusetts	1	Franklin	Shelburne
2051	Massachusetts	1	Franklin	Colrain
2701	Massachusetts	1	Franklin	Shelburne
2714	Massachusetts	1	Franklin	Shelburne
2099	Massachusetts	1	Franklin	Shelburne
2713	Massachusetts	1	Franklin	Shelburne
1710	Massachusetts	1	Franklin	Colrain
2712	Massachusetts	1	Franklin	Shelburne
2183	Massachusetts	1	Franklin	Shelburne
2707	Massachusetts	1	Franklin	Shelburne
2711	Massachusetts	1	Franklin	Shelburne
2369	Massachusetts	1	Franklin	Shelburne
2710	Massachusetts	1	Franklin	Shelburne
2147	Massachusetts	1	Franklin	Shelburne
2148	Massachusetts	1	Franklin	Shelburne
2370	Massachusetts	1	Franklin	Shelburne
1713	Massachusetts	1	Franklin	Colrain
2367	Massachusetts	1	Franklin	Shelburne
1575	Massachusetts	2	Franklin	Leyden
2364	Massachusetts	1	Franklin	Shelburne
2366	Massachusetts	1	Franklin	Shelburne
1577	Massachusetts	2	Franklin	Leyden
2723	Massachusetts	1	Franklin	Shelburne
3058	Massachusetts	1	Franklin	Shelburne
1943	Massachusetts	1	Franklin	Colrain
2179	Massachusetts	2	Franklin	Greenfield
1779	Massachusetts	2	Franklin	Leyden
2170	Massachusetts	2	Franklin	Greenfield
1780	Massachusetts	2	Franklin	Leyden
2539	Massachusetts	2	Franklin	Greenfield
2171	Massachusetts	2	Franklin	Greenfield
2330	Massachusetts	2	Franklin	Greenfield
2516	Massachusetts	2	Franklin	Greenfield
1777	Massachusetts	2	Franklin	Leyden
2173	Massachusetts	2	Franklin	Greenfield
2521	Massachusetts	2	Franklin	Greenfield
2331	Massachusetts	2	Franklin	Greenfield
2761	Massachusetts	2	Franklin	Deerfield
2526	Massachusetts	2	Franklin	Greenfield
1916	Massachusetts	2	Franklin	Greenfield
2525	Massachusetts	2	Franklin	Greenfield
1920	Massachusetts	2	Franklin	Greenfield
1917	Massachusetts	2	Franklin	Greenfield
1919	Massachusetts	2	Franklin	Greenfield
2528	Massachusetts	2	Franklin	Greenfield
2517	Massachusetts	2	Franklin	Greenfield
2166	Massachusetts	2	Franklin	Greenfield
2519	Massachusetts	2	Franklin	Greenfield
2425	Massachusetts	2	Franklin	Greenfield
2430	Massachusetts	2	Franklin	Greenfield
2428	Massachusetts	2	Franklin	Greenfield
2273	Massachusetts	2	Franklin	Greenfield
1657	Massachusetts	2	Franklin	Bernardston
2531	Massachusetts	2	Franklin	Greenfield
2763	Massachusetts	2	Franklin	Deerfield
2494	Massachusetts	2	Franklin	Greenfield
2275	Massachusetts	2	Franklin	Greenfield
2765	Massachusetts	2	Franklin	Greenfield
2324	Massachusetts	1	Franklin	Charlemont
2438	Massachusetts	1	Franklin	Buckland
2230	Massachusetts	1	Franklin	Colrain
1843	Massachusetts	1	Franklin	Colrain
2692	Massachusetts	1	Franklin	Buckland
1554	Massachusetts	1	Franklin	Colrain
2610	Massachusetts	1	Franklin	Buckland
1492	Massachusetts	1	Franklin	Colrain
1510	Massachusetts	1	Franklin	Colrain
2469	Massachusetts	1	Franklin	Shelburne
1596	Massachusetts	1	Franklin	Colrain
2474	Massachusetts	1	Franklin	Shelburne
1470	Massachusetts	2	Franklin	Leyden
2477	Massachusetts	1	Franklin	Shelburne
1737	Massachusetts	1	Franklin	Colrain
1731	Massachusetts	1	Franklin	Colrain
1736	Massachusetts	1	Franklin	Colrain
1735	Massachusetts	1	Franklin	Colrain
1469	Massachusetts	2	Franklin	Leyden
1729	Massachusetts	1	Franklin	Colrain
1732	Massachusetts	1	Franklin	Colrain
1603	Massachusetts	2	Franklin	Leyden
1610	Massachusetts	1	Franklin	Colrain
2188	Massachusetts	1	Franklin	Shelburne
2475	Massachusetts	1	Franklin	Shelburne
1611	Massachusetts	1	Franklin	Colrain
1614	Massachusetts	1	Franklin	Colrain
2185	Massachusetts	1	Franklin	Shelburne
2814	Massachusetts	1	Franklin	Shelburne
2189	Massachusetts	1	Franklin	Shelburne
1618	Massachusetts	2	Franklin	Leyden
2480	Massachusetts	1	Franklin	Shelburne
2053	Massachusetts	1	Franklin	Colrain
1602	Massachusetts	2	Franklin	Leyden
1734	Massachusetts	1	Franklin	Colrain
2062	Massachusetts	1	Franklin	Colrain
1641	Massachusetts	1	Franklin	Colrain
2063	Massachusetts	1	Franklin	Colrain
2061	Massachusetts	1	Franklin	Colrain
1622	Massachusetts	2	Franklin	Leyden
2060	Massachusetts	1	Franklin	Colrain
2055	Massachusetts	1	Franklin	Colrain
2054	Massachusetts	1	Franklin	Colrain
1727	Massachusetts	1	Franklin	Colrain
1726	Massachusetts	1	Franklin	Colrain
1725	Massachusetts	1	Franklin	Colrain
2697	Massachusetts	1	Franklin	Shelburne
1620	Massachusetts	2	Franklin	Leyden
1724	Massachusetts	1	Franklin	Colrain
2698	Massachusetts	1	Franklin	Shelburne
2708	Massachusetts	1	Franklin	Shelburne
1678	Massachusetts	1	Franklin	Colrain
2724	Massachusetts	1	Franklin	Shelburne
1718	Massachusetts	2	Franklin	Leyden
2145	Massachusetts	1	Franklin	Shelburne
1886	Massachusetts	1	Franklin	Colrain
1535	Massachusetts	2	Franklin	Leyden
2785	Massachusetts	1	Franklin	Shelburne
1942	Massachusetts	1	Franklin	Colrain
2107	Massachusetts	1	Franklin	Shelburne
1760	Massachusetts	2	Franklin	Leyden
1536	Massachusetts	2	Franklin	Leyden
1761	Massachusetts	2	Franklin	Leyden
1531	Massachusetts	2	Franklin	Leyden
1567	Massachusetts	2	Franklin	Leyden
1532	Massachusetts	2	Franklin	Leyden
2365	Massachusetts	1	Franklin	Shelburne
1762	Massachusetts	2	Franklin	Leyden
1887	Massachusetts	1	Franklin	Colrain
2108	Massachusetts	1	Franklin	Shelburne
1882	Massachusetts	1	Franklin	Colrain
2178	Massachusetts	1	Franklin	Shelburne
1539	Massachusetts	2	Franklin	Leyden
2361	Massachusetts	1	Franklin	Shelburne
1883	Massachusetts	1	Franklin	Colrain
1754	Massachusetts	2	Franklin	Leyden
1765	Massachusetts	2	Franklin	Leyden
2543	Massachusetts	1	Franklin	Shelburne
1764	Massachusetts	2	Franklin	Leyden
1955	Massachusetts	1	Franklin	Colrain
1947	Massachusetts	1	Franklin	Colrain
1722	Massachusetts	1	Franklin	Colrain
1959	Massachusetts	1	Franklin	Colrain
1498	Massachusetts	1	Franklin	Colrain
1960	Massachusetts	1	Franklin	Colrain
1752	Massachusetts	1	Franklin	Colrain
1499	Massachusetts	1	Franklin	Colrain
1834	Massachusetts	1	Franklin	Colrain
2503	Massachusetts	1	Franklin	Buckland
1835	Massachusetts	1	Franklin	Colrain
2453	Massachusetts	1	Franklin	Charlemont
2504	Massachusetts	1	Franklin	Buckland
1807	Massachusetts	1	Franklin	Colrain
2508	Massachusetts	1	Franklin	Buckland
1440	Massachusetts	1	Franklin	Colrain
1853	Massachusetts	1	Franklin	Colrain
2507	Massachusetts	1	Franklin	Buckland
1810	Massachusetts	1	Franklin	Colrain
2460	Massachusetts	1	Franklin	Buckland
1815	Massachusetts	1	Franklin	Colrain
2506	Massachusetts	1	Franklin	Buckland
2252	Massachusetts	1	Franklin	Colrain
1969	Massachusetts	1	Franklin	Colrain
1848	Massachusetts	1	Franklin	Colrain
1488	Massachusetts	1	Franklin	Colrain
1552	Massachusetts	1	Franklin	Colrain
2434	Massachusetts	1	Franklin	Buckland
1909	Massachusetts	1	Franklin	Colrain
1553	Massachusetts	1	Franklin	Colrain
2253	Massachusetts	1	Franklin	Colrain
2256	Massachusetts	1	Franklin	Colrain
2227	Massachusetts	1	Franklin	Colrain
1555	Massachusetts	1	Franklin	Colrain
2609	Massachusetts	1	Franklin	Shelburne
1547	Massachusetts	1	Franklin	Colrain
1856	Massachusetts	1	Franklin	Colrain
2233	Massachusetts	1	Franklin	Colrain
2580	Massachusetts	1	Franklin	Shelburne
2584	Massachusetts	1	Franklin	Shelburne
2695	Massachusetts	1	Franklin	Buckland
2197	Massachusetts	1	Franklin	Colrain
2606	Massachusetts	1	Franklin	Buckland
2683	Massachusetts	1	Franklin	Buckland
2687	Massachusetts	1	Franklin	Buckland
2694	Massachusetts	1	Franklin	Buckland
2583	Massachusetts	1	Franklin	Shelburne
2158	Massachusetts	1	Franklin	Colrain
1544	Massachusetts	1	Franklin	Colrain
2085	Massachusetts	1	Franklin	Colrain
2159	Massachusetts	1	Franklin	Colrain
2693	Massachusetts	1	Franklin	Buckland
2232	Massachusetts	1	Franklin	Shelburne
2685	Massachusetts	1	Franklin	Buckland
1818	Massachusetts	1	Franklin	Colrain
2086	Massachusetts	1	Franklin	Colrain
2116	Massachusetts	1	Franklin	Colrain
2089	Massachusetts	1	Franklin	Colrain
2818	Massachusetts	1	Franklin	Buckland
1798	Massachusetts	1	Franklin	Colrain
1796	Massachusetts	1	Franklin	Colrain
1792	Massachusetts	1	Franklin	Colrain
1503	Massachusetts	1	Franklin	Colrain
1507	Massachusetts	1	Franklin	Colrain
1841	Massachusetts	1	Franklin	Colrain
1936	Massachusetts	1	Franklin	Colrain
2228	Massachusetts	1	Franklin	Colrain
1377	Massachusetts	1	Franklin	Colrain
1409	Massachusetts	1	Franklin	Colrain
1444	Massachusetts	1	Franklin	Colrain
1441	Massachusetts	1	Franklin	Colrain
1371	Massachusetts	1	Franklin	Colrain
1459	Massachusetts	1	Franklin	Colrain
1373	Massachusetts	1	Franklin	Colrain
1460	Massachusetts	1	Franklin	Colrain
1464	Massachusetts	2	Franklin	Leyden
1465	Massachusetts	2	Franklin	Leyden
1330	Massachusetts	2	Franklin	Leyden
1463	Massachusetts	2	Franklin	Leyden
1473	Massachusetts	2	Franklin	Leyden
1472	Massachusetts	2	Franklin	Leyden
3105	Massachusetts	2	Franklin	Deerfield
3108	Massachusetts	2	Franklin	Deerfield
3176	Massachusetts	2	Franklin	Deerfield
2845	Massachusetts	2	Franklin	Deerfield
2843	Massachusetts	2	Franklin	Deerfield
2885	Massachusetts	2	Franklin	Deerfield
2837	Massachusetts	2	Franklin	Deerfield
3009	Massachusetts	2	Franklin	Deerfield
3015	Massachusetts	2	Franklin	Deerfield
2839	Massachusetts	2	Franklin	Deerfield
3011	Massachusetts	2	Franklin	Deerfield
2887	Massachusetts	2	Franklin	Deerfield
3013	Massachusetts	2	Franklin	Deerfield
3297	Massachusetts	1	Franklin	Ashfield
3251	Massachusetts	1	Franklin	Ashfield
3483	Massachusetts	1	Franklin	Ashfield
2690	Massachusetts	1	Franklin	Buckland
2691	Massachusetts	1	Franklin	Buckland
3484	Massachusetts	1	Franklin	Ashfield
3526	Massachusetts	1	Franklin	Ashfield
3523	Massachusetts	1	Franklin	Ashfield
3524	Massachusetts	1	Franklin	Ashfield
3485	Massachusetts	1	Franklin	Ashfield
3486	Massachusetts	1	Franklin	Ashfield
3197	Massachusetts	1	Franklin	Ashfield
3394	Massachusetts	1	Franklin	Ashfield
3567	Massachusetts	1	Franklin	Ashfield
3576	Massachusetts	1	Franklin	Ashfield
3577	Massachusetts	1	Franklin	Ashfield
3466	Massachusetts	1	Franklin	Ashfield
3573	Massachusetts	1	Franklin	Ashfield
3570	Massachusetts	1	Franklin	Ashfield
3578	Massachusetts	1	Franklin	Ashfield
3569	Massachusetts	1	Franklin	Ashfield
3468	Massachusetts	1	Franklin	Ashfield
3469	Massachusetts	1	Franklin	Ashfield
3568	Massachusetts	1	Franklin	Ashfield
3198	Massachusetts	1	Franklin	Ashfield
3047	Massachusetts	1	Franklin	Ashfield
3580	Massachusetts	1	Franklin	Ashfield
3455	Massachusetts	1	Franklin	Conway
3547	Massachusetts	1	Franklin	Conway
3128	Massachusetts	1	Franklin	Conway
3552	Massachusetts	1	Franklin	Conway
3456	Massachusetts	1	Franklin	Conway
3135	Massachusetts	1	Franklin	Conway
2815	Massachusetts	1	Franklin	Shelburne
3460	Massachusetts	1	Franklin	Conway
3443	Massachusetts	1	Franklin	Conway
3445	Massachusetts	1	Franklin	Conway
3444	Massachusetts	1	Franklin	Conway
3437	Massachusetts	1	Franklin	Conway
2705	Massachusetts	1	Franklin	Shelburne
3419	Massachusetts	1	Franklin	Conway
2704	Massachusetts	1	Franklin	Shelburne
3326	Massachusetts	1	Franklin	Conway
2702	Massachusetts	1	Franklin	Shelburne
3422	Massachusetts	1	Franklin	Conway
3186	Massachusetts	1	Franklin	Conway
3420	Massachusetts	1	Franklin	Conway
3431	Massachusetts	1	Franklin	Conway
2782	Massachusetts	1	Franklin	Shelburne
3427	Massachusetts	1	Franklin	Conway
3426	Massachusetts	1	Franklin	Conway
3425	Massachusetts	1	Franklin	Conway
3428	Massachusetts	1	Franklin	Conway
3424	Massachusetts	1	Franklin	Conway
2915	Massachusetts	1	Franklin	Shelburne
2784	Massachusetts	1	Franklin	Shelburne
2978	Massachusetts	1	Franklin	Shelburne
3054	Massachusetts	1	Franklin	Shelburne
2864	Massachusetts	1	Franklin	Buckland
3514	Massachusetts	1	Franklin	Ashfield
2807	Massachusetts	1	Franklin	Buckland
2863	Massachusetts	1	Franklin	Buckland
2799	Massachusetts	1	Franklin	Buckland
3111	Massachusetts	1	Franklin	Ashfield
2800	Massachusetts	1	Franklin	Buckland
2809	Massachusetts	1	Franklin	Buckland
3488	Massachusetts	1	Franklin	Ashfield
3534	Massachusetts	1	Franklin	Ashfield
3506	Massachusetts	1	Franklin	Ashfield
3535	Massachusetts	1	Franklin	Ashfield
3509	Massachusetts	1	Franklin	Ashfield
3507	Massachusetts	1	Franklin	Ashfield
3536	Massachusetts	1	Franklin	Ashfield
3490	Massachusetts	1	Franklin	Ashfield
3238	Massachusetts	1	Franklin	Ashfield
3233	Massachusetts	1	Franklin	Ashfield
2946	Massachusetts	1	Franklin	Buckland
2947	Massachusetts	1	Franklin	Buckland
3492	Massachusetts	1	Franklin	Ashfield
3493	Massachusetts	1	Franklin	Ashfield
3240	Massachusetts	1	Franklin	Ashfield
3339	Massachusetts	1	Franklin	Ashfield
2936	Massachusetts	1	Franklin	Buckland
3511	Massachusetts	1	Franklin	Ashfield
2935	Massachusetts	1	Franklin	Buckland
3542	Massachusetts	1	Franklin	Ashfield
2945	Massachusetts	1	Franklin	Buckland
3479	Massachusetts	1	Franklin	Ashfield
3519	Massachusetts	1	Franklin	Ashfield
3250	Massachusetts	1	Franklin	Ashfield
3540	Massachusetts	1	Franklin	Ashfield
3480	Massachusetts	1	Franklin	Ashfield
3491	Massachusetts	1	Franklin	Ashfield
3520	Massachusetts	1	Franklin	Ashfield
3300	Massachusetts	1	Franklin	Ashfield
3035	Massachusetts	1	Franklin	Ashfield
3482	Massachusetts	1	Franklin	Ashfield
3579	Massachusetts	1	Franklin	Ashfield
3439	Massachusetts	1	Franklin	Ashfield
3554	Massachusetts	1	Franklin	Ashfield
3564	Massachusetts	1	Franklin	Ashfield
3200	Massachusetts	1	Franklin	Ashfield
2922	Massachusetts	1	Franklin	Conway
3549	Massachusetts	1	Franklin	Conway
3453	Massachusetts	1	Franklin	Conway
3562	Massachusetts	1	Franklin	Conway
3449	Massachusetts	1	Franklin	Conway
3477	Massachusetts	1	Franklin	Conway
2923	Massachusetts	1	Franklin	Conway
3559	Massachusetts	1	Franklin	Conway
3459	Massachusetts	1	Franklin	Conway
3560	Massachusetts	1	Franklin	Conway
3189	Massachusetts	1	Franklin	Conway
2925	Massachusetts	1	Franklin	Conway
3131	Massachusetts	1	Franklin	Conway
3462	Massachusetts	1	Franklin	Conway
3556	Massachusetts	1	Franklin	Conway
3463	Massachusetts	1	Franklin	Conway
3191	Massachusetts	1	Franklin	Conway
2021	Massachusetts	2	Franklin	Greenfield
2729	Massachusetts	2	Franklin	Greenfield
2012	Massachusetts	2	Franklin	Greenfield
2288	Massachusetts	2	Franklin	Greenfield
2065	Massachusetts	2	Franklin	Greenfield
2066	Massachusetts	2	Franklin	Greenfield
2287	Massachusetts	2	Franklin	Greenfield
2286	Massachusetts	2	Franklin	Greenfield
2285	Massachusetts	2	Franklin	Greenfield
2732	Massachusetts	2	Franklin	Greenfield
1890	Massachusetts	2	Franklin	Bernardston
2018	Massachusetts	2	Franklin	Greenfield
2292	Massachusetts	2	Franklin	Greenfield
2024	Massachusetts	2	Franklin	Greenfield
2672	Massachusetts	2	Franklin	Greenfield
1891	Massachusetts	2	Franklin	Greenfield
2023	Massachusetts	2	Franklin	Greenfield
2226	Massachusetts	2	Franklin	Greenfield
2676	Massachusetts	2	Franklin	Greenfield
2675	Massachusetts	2	Franklin	Greenfield
2220	Massachusetts	2	Franklin	Greenfield
2669	Massachusetts	2	Franklin	Greenfield
2670	Massachusetts	2	Franklin	Greenfield
2741	Massachusetts	2	Franklin	Deerfield
2674	Massachusetts	2	Franklin	Greenfield
2673	Massachusetts	2	Franklin	Greenfield
3070	Massachusetts	2	Franklin	Deerfield
3066	Massachusetts	2	Franklin	Deerfield
2998	Massachusetts	2	Franklin	Deerfield
3262	Massachusetts	2	Franklin	Deerfield
3255	Massachusetts	2	Franklin	Deerfield
3000	Massachusetts	2	Franklin	Deerfield
2737	Massachusetts	2	Franklin	Deerfield
2883	Massachusetts	2	Franklin	Deerfield
2882	Massachusetts	2	Franklin	Deerfield
3309	Massachusetts	2	Franklin	Deerfield
2881	Massachusetts	2	Franklin	Deerfield
3306	Massachusetts	2	Franklin	Deerfield
3094	Massachusetts	2	Franklin	Deerfield
3093	Massachusetts	2	Franklin	Deerfield
3019	Massachusetts	2	Franklin	Deerfield
2847	Massachusetts	2	Franklin	Deerfield
2853	Massachusetts	2	Franklin	Deerfield
2852	Massachusetts	2	Franklin	Deerfield
3263	Massachusetts	2	Franklin	Deerfield
3018	Massachusetts	2	Franklin	Deerfield
2859	Massachusetts	2	Franklin	Deerfield
2857	Massachusetts	2	Franklin	Deerfield
3163	Massachusetts	2	Franklin	Deerfield
2997	Massachusetts	2	Franklin	Deerfield
2996	Massachusetts	2	Franklin	Deerfield
3352	Massachusetts	1	Franklin	Ashfield
3355	Massachusetts	1	Franklin	Ashfield
3001	Massachusetts	2	Franklin	Deerfield
2451	Massachusetts	1	Franklin	Charlemont
1758	Massachusetts	2	Franklin	Leyden
2421	Massachusetts	2	Franklin	Greenfield
1635	Massachusetts	1	Franklin	Monroe
1669	Massachusetts	1	Franklin	Monroe
2320	Massachusetts	1	Franklin	Rowe
2481	Massachusetts	1	Franklin	Charlemont
2321	Massachusetts	1	Franklin	Charlemont
2154	Massachusetts	1	Franklin	Charlemont
2418	Massachusetts	1	Franklin	Charlemont
2417	Massachusetts	1	Franklin	Charlemont
2416	Massachusetts	1	Franklin	Charlemont
2152	Massachusetts	1	Franklin	Rowe
2105	Massachusetts	1	Franklin	Rowe
2043	Massachusetts	1	Franklin	Rowe
2104	Massachusetts	1	Franklin	Rowe
2443	Massachusetts	1	Franklin	Charlemont
2667	Massachusetts	1	Franklin	Charlemont
2442	Massachusetts	1	Franklin	Charlemont
2011	Massachusetts	1	Franklin	Rowe
2665	Massachusetts	1	Franklin	Charlemont
2044	Massachusetts	1	Franklin	Rowe
2634	Massachusetts	1	Franklin	Charlemont
1703	Massachusetts	1	Franklin	Rowe
1900	Massachusetts	1	Franklin	Rowe
1983	Massachusetts	1	Franklin	Rowe
1979	Massachusetts	1	Franklin	Rowe
1976	Massachusetts	1	Franklin	Rowe
1897	Massachusetts	1	Franklin	Rowe
1705	Massachusetts	1	Franklin	Rowe
1873	Massachusetts	1	Franklin	Rowe
2497	Massachusetts	1	Franklin	Charlemont
2635	Massachusetts	1	Franklin	Charlemont
2404	Massachusetts	1	Franklin	Charlemont
2640	Massachusetts	1	Franklin	Charlemont
2625	Massachusetts	1	Franklin	Charlemont
2215	Massachusetts	1	Franklin	Rowe
2631	Massachusetts	1	Franklin	Charlemont
2629	Massachusetts	1	Franklin	Charlemont
1870	Massachusetts	1	Franklin	Rowe
1872	Massachusetts	1	Franklin	Rowe
1871	Massachusetts	1	Franklin	Rowe
2498	Massachusetts	1	Franklin	Charlemont
1627	Massachusetts	1	Franklin	Heath
2217	Massachusetts	1	Franklin	Charlemont
2057	Massachusetts	1	Franklin	Rowe
1628	Massachusetts	1	Franklin	Heath
1637	Massachusetts	1	Franklin	Heath
2216	Massachusetts	1	Franklin	Charlemont
2499	Massachusetts	1	Franklin	Charlemont
2632	Massachusetts	1	Franklin	Charlemont
2379	Massachusetts	1	Franklin	Charlemont
2721	Massachusetts	1	Franklin	Charlemont
2773	Massachusetts	1	Franklin	Charlemont
2645	Massachusetts	1	Franklin	Charlemont
2644	Massachusetts	1	Franklin	Charlemont
2447	Massachusetts	1	Franklin	Charlemont
2382	Massachusetts	1	Franklin	Charlemont
2641	Massachusetts	1	Franklin	Charlemont
2448	Massachusetts	1	Franklin	Charlemont
2380	Massachusetts	1	Franklin	Charlemont
2450	Massachusetts	1	Franklin	Charlemont
2005	Massachusetts	1	Franklin	Heath
2218	Massachusetts	1	Franklin	Charlemont
2383	Massachusetts	1	Franklin	Charlemont
2162	Massachusetts	1	Franklin	Charlemont
1707	Massachusetts	1	Franklin	Heath
2161	Massachusetts	1	Franklin	Heath
2006	Massachusetts	1	Franklin	Heath
2095	Massachusetts	1	Franklin	Heath
2075	Massachusetts	1	Franklin	Heath
2660	Massachusetts	1	Franklin	Charlemont
1697	Massachusetts	1	Franklin	Heath
2659	Massachusetts	1	Franklin	Charlemont
2002	Massachusetts	1	Franklin	Heath
1708	Massachusetts	1	Franklin	Heath
1665	Massachusetts	1	Franklin	Heath
1667	Massachusetts	1	Franklin	Heath
2510	Massachusetts	1	Franklin	Charlemont
2072	Massachusetts	1	Franklin	Heath
1666	Massachusetts	1	Franklin	Heath
1631	Massachusetts	1	Franklin	Heath
2513	Massachusetts	1	Franklin	Heath
2514	Massachusetts	1	Franklin	Charlemont
2657	Massachusetts	1	Franklin	Charlemont
2656	Massachusetts	1	Franklin	Charlemont
2245	Massachusetts	1	Franklin	Heath
2661	Massachusetts	1	Franklin	Charlemont
2663	Massachusetts	1	Franklin	Charlemont
2137	Massachusetts	1	Franklin	Heath
2246	Massachusetts	1	Franklin	Heath
2662	Massachusetts	1	Franklin	Charlemont
1605	Massachusetts	1	Franklin	Heath
1606	Massachusetts	1	Franklin	Heath
2140	Massachusetts	1	Franklin	Heath
2613	Massachusetts	1	Franklin	Buckland
1529	Massachusetts	1	Franklin	Colrain
2612	Massachusetts	1	Franklin	Buckland
2247	Massachusetts	1	Franklin	Heath
2248	Massachusetts	1	Franklin	Heath
1904	Massachusetts	1	Franklin	Heath
2242	Massachusetts	1	Franklin	Heath
2347	Massachusetts	1	Franklin	Charlemont
2577	Massachusetts	1	Franklin	Charlemont
1991	Massachusetts	1	Franklin	Heath
2618	Massachusetts	1	Franklin	Buckland
1527	Massachusetts	1	Franklin	Colrain
2573	Massachusetts	1	Franklin	Charlemont
1992	Massachusetts	1	Franklin	Heath
1987	Massachusetts	1	Franklin	Heath
1989	Massachusetts	1	Franklin	Heath
1687	Massachusetts	1	Franklin	Colrain
1988	Massachusetts	1	Franklin	Heath
1908	Massachusetts	1	Franklin	Heath
1907	Massachusetts	1	Franklin	Heath
2209	Massachusetts	1	Franklin	Heath
1905	Massachusetts	1	Franklin	Heath
1950	Massachusetts	1	Franklin	Heath
1693	Massachusetts	1	Franklin	Colrain
1694	Massachusetts	1	Franklin	Colrain
2353	Massachusetts	1	Franklin	Charlemont
2482	Massachusetts	1	Franklin	Charlemont
2205	Massachusetts	1	Franklin	Charlemont
2211	Massachusetts	1	Franklin	Charlemont
1953	Massachusetts	1	Franklin	Heath
1945	Massachusetts	1	Franklin	Colrain
1946	Massachusetts	1	Franklin	Colrain
2483	Massachusetts	1	Franklin	Charlemont
2464	Massachusetts	1	Franklin	Charlemont
2466	Massachusetts	1	Franklin	Charlemont
2465	Massachusetts	1	Franklin	Charlemont
2336	Massachusetts	1	Franklin	Charlemont
1496	Massachusetts	1	Franklin	Colrain
1719	Massachusetts	1	Franklin	Colrain
2792	Massachusetts	1	Berkshire	Savoy
3098	Massachusetts	1	Berkshire	Savoy
2787	Massachusetts	1	Berkshire	Savoy
2959	Massachusetts	1	Berkshire	Savoy
3096	Massachusetts	1	Berkshire	Savoy
2790	Massachusetts	1	Berkshire	Savoy
2961	Massachusetts	1	Berkshire	Savoy
2873	Massachusetts	1	Berkshire	Savoy
2869	Massachusetts	1	Berkshire	Savoy
3313	Massachusetts	1	Berkshire	Savoy
3397	Massachusetts	1	Berkshire	Savoy
3113	Massachusetts	1	Berkshire	Savoy
2768	Massachusetts	1	Berkshire	Savoy
2963	Massachusetts	1	Berkshire	Savoy
2770	Massachusetts	1	Berkshire	Savoy
3242	Massachusetts	1	Berkshire	Savoy
2262	Massachusetts	1	Berkshire	Florida
2266	Massachusetts	1	Berkshire	Florida
2340	Massachusetts	1	Berkshire	Florida
2265	Massachusetts	1	Berkshire	Florida
2637	Massachusetts	1	Berkshire	Florida
2300	Massachusetts	1	Berkshire	Florida
2263	Massachusetts	1	Berkshire	Florida
2344	Massachusetts	1	Berkshire	Florida
2341	Massachusetts	1	Berkshire	Florida
1865	Massachusetts	1	Berkshire	Florida
2594	Massachusetts	1	Berkshire	Florida
1862	Massachusetts	1	Berkshire	Florida
2269	Massachusetts	1	Berkshire	Florida
2586	Massachusetts	1	Berkshire	Florida
2268	Massachusetts	1	Berkshire	Florida
2345	Massachusetts	1	Berkshire	Florida
2591	Massachusetts	1	Berkshire	Florida
2592	Massachusetts	1	Berkshire	Florida
2550	Massachusetts	1	Berkshire	Florida
2562	Massachusetts	1	Berkshire	Florida
2564	Massachusetts	1	Berkshire	Florida
2545	Massachusetts	1	Berkshire	Florida
2563	Massachusetts	1	Berkshire	Florida
2560	Massachusetts	1	Berkshire	Florida
2554	Massachusetts	1	Berkshire	Florida
2555	Massachusetts	1	Berkshire	Florida
1832	Massachusetts	1	Franklin	Monroe
2551	Massachusetts	1	Berkshire	Florida
2309	Massachusetts	1	Berkshire	Florida
2311	Massachusetts	1	Berkshire	Florida
2572	Massachusetts	1	Berkshire	Florida
2385	Massachusetts	1	Berkshire	Florida
2388	Massachusetts	1	Berkshire	Florida
1830	Massachusetts	1	Franklin	Monroe
1925	Massachusetts	1	Franklin	Monroe
2386	Massachusetts	1	Berkshire	Florida
2192	Massachusetts	1	Berkshire	Florida
2176	Massachusetts	1	Berkshire	Florida
1929	Massachusetts	1	Franklin	Monroe
1975	Massachusetts	1	Franklin	Monroe
1974	Massachusetts	1	Franklin	Monroe
2746	Massachusetts	1	Berkshire	Florida
2747	Massachusetts	1	Berkshire	Florida
2393	Massachusetts	1	Berkshire	Florida
2396	Massachusetts	1	Berkshire	Florida
2397	Massachusetts	1	Berkshire	Florida
2399	Massachusetts	1	Berkshire	Rowe
1964	Massachusetts	1	Franklin	Monroe
2122	Massachusetts	1	Berkshire	Florida
1782	Massachusetts	1	Franklin	Monroe
2432	Massachusetts	1	Berkshire	Florida
2372	Massachusetts	1	Franklin	Rowe
1967	Massachusetts	1	Franklin	Monroe
2378	Massachusetts	1	Berkshire	Florida
1962	Massachusetts	1	Franklin	Monroe
2377	Massachusetts	1	Berkshire	Florida
1784	Massachusetts	1	Franklin	Monroe
1788	Massachusetts	1	Franklin	Rowe
3406	Massachusetts	1	Berkshire	Savoy
3334	Massachusetts	1	Franklin	Hawley
3335	Massachusetts	1	Franklin	Hawley
3267	Massachusetts	1	Franklin	Hawley
3172	Massachusetts	1	Franklin	Hawley
3268	Massachusetts	1	Franklin	Hawley
3173	Massachusetts	1	Franklin	Hawley
3117	Massachusetts	1	Franklin	Hawley
3118	Massachusetts	1	Franklin	Hawley
3083	Massachusetts	1	Franklin	Hawley
3088	Massachusetts	1	Franklin	Hawley
3086	Massachusetts	1	Franklin	Hawley
2891	Massachusetts	1	Franklin	Hawley
3291	Massachusetts	1	Franklin	Hawley
3501	Massachusetts	1	Hampshire	Plainfield
2877	Massachusetts	1	Franklin	Hawley
2903	Massachusetts	1	Franklin	Hawley
2753	Massachusetts	1	Franklin	Hawley
3041	Massachusetts	1	Franklin	Hawley
3349	Massachusetts	1	Franklin	Hawley
2902	Massachusetts	1	Franklin	Hawley
3346	Massachusetts	1	Franklin	Hawley
2899	Massachusetts	1	Franklin	Hawley
3417	Massachusetts	1	Franklin	Hawley
2826	Massachusetts	1	Franklin	Hawley
3371	Massachusetts	1	Franklin	Hawley
2828	Massachusetts	1	Franklin	Hawley
3372	Massachusetts	1	Franklin	Hawley
2834	Massachusetts	1	Franklin	Hawley
2830	Massachusetts	1	Franklin	Hawley
2833	Massachusetts	1	Franklin	Hawley
3145	Massachusetts	1	Franklin	Hawley
3156	Massachusetts	1	Franklin	Hawley
3074	Massachusetts	1	Franklin	Hawley
3076	Massachusetts	1	Franklin	Hawley
2954	Massachusetts	1	Franklin	Buckland
2975	Massachusetts	1	Franklin	Buckland
2974	Massachusetts	1	Franklin	Buckland
2973	Massachusetts	1	Franklin	Buckland
2970	Massachusetts	1	Franklin	Buckland
2951	Massachusetts	1	Franklin	Buckland
3285	Massachusetts	1	Franklin	Ashfield
2989	Massachusetts	1	Franklin	Buckland
3278	Massachusetts	1	Franklin	Ashfield
2984	Massachusetts	1	Franklin	Buckland
3183	Massachusetts	1	Franklin	Buckland
3287	Massachusetts	1	Franklin	Ashfield
3281	Massachusetts	1	Franklin	Ashfield
2987	Massachusetts	1	Franklin	Buckland
3151	Massachusetts	1	Franklin	Buckland
2803	Massachusetts	1	Franklin	Buckland
2985	Massachusetts	1	Franklin	Buckland
3361	Massachusetts	1	Franklin	Ashfield
3215	Massachusetts	1	Franklin	Ashfield
2804	Massachusetts	1	Franklin	Buckland
2986	Massachusetts	1	Franklin	Buckland
3353	Massachusetts	1	Franklin	Ashfield
3354	Massachusetts	1	Franklin	Ashfield
3359	Massachusetts	1	Franklin	Ashfield
3357	Massachusetts	1	Franklin	Ashfield
3205	Massachusetts	1	Franklin	Ashfield
2808	Massachusetts	1	Franklin	Buckland
2910	Massachusetts	1	Franklin	Buckland
2907	Massachusetts	1	Franklin	Buckland
3362	Massachusetts	1	Franklin	Ashfield
3206	Massachusetts	1	Franklin	Ashfield
3209	Massachusetts	1	Franklin	Ashfield
3101	Massachusetts	1	Franklin	Buckland
3210	Massachusetts	1	Franklin	Ashfield
2806	Massachusetts	1	Franklin	Buckland
3211	Massachusetts	1	Franklin	Ashfield
2284	Massachusetts	2	Franklin	Greenfield
2280	Massachusetts	2	Franklin	Greenfield
2279	Massachusetts	2	Franklin	Greenfield
2068	Massachusetts	2	Franklin	Greenfield
1674	Massachusetts	1	Franklin	Colrain
1714	Massachusetts	1	Franklin	Colrain
1939	Massachusetts	1	Franklin	Colrain
1880	Massachusetts	1	Franklin	Colrain
2538	Massachusetts	1	Franklin	Shelburne
1771	Massachusetts	2	Franklin	Leyden
2033	Massachusetts	2	Franklin	Greenfield
1769	Massachusetts	2	Franklin	Leyden
2762	Massachusetts	2	Franklin	Deerfield
2524	Massachusetts	2	Franklin	Greenfield
2522	Massachusetts	2	Franklin	Greenfield
2523	Massachusetts	2	Franklin	Greenfield
2527	Massachusetts	2	Franklin	Greenfield
2422	Massachusetts	2	Franklin	Greenfield
2518	Massachusetts	2	Franklin	Greenfield
2529	Massachusetts	2	Franklin	Greenfield
1922	Massachusetts	2	Franklin	Leyden
2533	Massachusetts	2	Franklin	Greenfield
2532	Massachusetts	2	Franklin	Greenfield
2423	Massachusetts	2	Franklin	Greenfield
2427	Massachusetts	2	Franklin	Greenfield
2530	Massachusetts	2	Franklin	Greenfield
2272	Massachusetts	2	Franklin	Greenfield
2271	Massachusetts	2	Franklin	Greenfield
2764	Massachusetts	2	Franklin	Deerfield
2276	Massachusetts	2	Franklin	Greenfield
1937	Massachusetts	1	Franklin	Colrain
2327	Massachusetts	1	Franklin	Shelburne
1931	Massachusetts	1	Franklin	Colrain
1934	Massachusetts	1	Franklin	Colrain
2135	Massachusetts	1	Franklin	Colrain
2134	Massachusetts	1	Franklin	Colrain
2472	Massachusetts	1	Franklin	Shelburne
2822	Massachusetts	1	Franklin	Shelburne
2041	Massachusetts	1	Franklin	Colrain
1599	Massachusetts	2	Franklin	Leyden
2479	Massachusetts	1	Franklin	Shelburne
1468	Massachusetts	2	Franklin	Leyden
1593	Massachusetts	2	Franklin	Leyden
1613	Massachusetts	1	Franklin	Colrain
1733	Massachusetts	1	Franklin	Colrain
1640	Massachusetts	1	Franklin	Colrain
2059	Massachusetts	1	Franklin	Colrain
1677	Massachusetts	1	Franklin	Colrain
2144	Massachusetts	1	Franklin	Shelburne
2728	Massachusetts	1	Franklin	Shelburne
2727	Massachusetts	1	Franklin	Shelburne
2812	Massachusetts	1	Franklin	Buckland
1812	Massachusetts	1	Franklin	Colrain
2259	Massachusetts	1	Franklin	Colrain
2260	Massachusetts	1	Franklin	Colrain
2456	Massachusetts	1	Franklin	Buckland
2255	Massachusetts	1	Franklin	Colrain
1813	Massachusetts	1	Franklin	Colrain
2461	Massachusetts	1	Franklin	Buckland
1808	Massachusetts	1	Franklin	Colrain
2437	Massachusetts	1	Franklin	Charlemont
1971	Massachusetts	1	Franklin	Colrain
1851	Massachusetts	1	Franklin	Colrain
1913	Massachusetts	1	Franklin	Colrain
1914	Massachusetts	1	Franklin	Colrain
2212	Massachusetts	1	Franklin	Colrain
2198	Massachusetts	1	Franklin	Colrain
2581	Massachusetts	1	Franklin	Shelburne
2579	Massachusetts	1	Franklin	Shelburne
2157	Massachusetts	1	Franklin	Colrain
2083	Massachusetts	1	Franklin	Colrain
2684	Massachusetts	1	Franklin	Buckland
2082	Massachusetts	1	Franklin	Colrain
2081	Massachusetts	1	Franklin	Colrain
1801	Massachusetts	1	Franklin	Colrain
2038	Massachusetts	1	Franklin	Colrain
1825	Massachusetts	1	Franklin	Colrain
1824	Massachusetts	1	Franklin	Colrain
1823	Massachusetts	1	Franklin	Colrain
2468	Massachusetts	1	Franklin	Shelburne
1844	Massachusetts	1	Franklin	Colrain
1369	Massachusetts	1	Franklin	Colrain
1372	Massachusetts	1	Franklin	Colrain
1370	Massachusetts	1	Franklin	Colrain
3123	Massachusetts	1	Franklin	Conway
3202	Massachusetts	1	Franklin	Conway
3125	Massachusetts	2	Franklin	Deerfield
3203	Massachusetts	1	Franklin	Conway
3177	Massachusetts	2	Franklin	Deerfield
2841	Massachusetts	2	Franklin	Deerfield
3192	Massachusetts	2	Franklin	Deerfield
2840	Massachusetts	2	Franklin	Deerfield
2838	Massachusetts	2	Franklin	Deerfield
2889	Massachusetts	2	Franklin	Deerfield
3012	Massachusetts	2	Franklin	Deerfield
2888	Massachusetts	2	Franklin	Deerfield
2886	Massachusetts	2	Franklin	Deerfield
3010	Massachusetts	2	Franklin	Deerfield
3318	Massachusetts	1	Franklin	Ashfield
3319	Massachusetts	1	Franklin	Ashfield
3315	Massachusetts	1	Franklin	Ashfield
3472	Massachusetts	1	Franklin	Ashfield
3566	Massachusetts	1	Franklin	Ashfield
3134	Massachusetts	1	Franklin	Conway
2924	Massachusetts	1	Franklin	Conway
3132	Massachusetts	1	Franklin	Conway
3442	Massachusetts	1	Franklin	Conway
2896	Massachusetts	1	Franklin	Shelburne
2914	Massachusetts	1	Franklin	Shelburne
2980	Massachusetts	1	Franklin	Shelburne
2979	Massachusetts	2	Franklin	Deerfield
3055	Massachusetts	2	Franklin	Deerfield
2805	Massachusetts	1	Franklin	Buckland
2811	Massachusetts	1	Franklin	Buckland
3516	Massachusetts	1	Franklin	Ashfield
3237	Massachusetts	1	Franklin	Ashfield
2940	Massachusetts	1	Franklin	Buckland
2937	Massachusetts	1	Franklin	Buckland
3234	Massachusetts	1	Franklin	Ashfield
3337	Massachusetts	1	Franklin	Ashfield
3248	Massachusetts	1	Franklin	Ashfield
3249	Massachusetts	1	Franklin	Ashfield
2777	Massachusetts	1	Franklin	Buckland
2776	Massachusetts	1	Franklin	Buckland
3170	Massachusetts	1	Franklin	Ashfield
2650	Massachusetts	2	Franklin	Deerfield
2649	Massachusetts	2	Franklin	Deerfield
2648	Massachusetts	2	Franklin	Deerfield
2653	Massachusetts	2	Franklin	Greenfield
2013	Massachusetts	2	Franklin	Greenfield
2019	Massachusetts	2	Franklin	Greenfield
2296	Massachusetts	2	Franklin	Greenfield
2295	Massachusetts	2	Franklin	Greenfield
2294	Massachusetts	2	Franklin	Greenfield
2293	Massachusetts	2	Franklin	Greenfield
2235	Massachusetts	2	Franklin	Greenfield
2234	Massachusetts	2	Franklin	Greenfield
1895	Massachusetts	2	Franklin	Greenfield
2224	Massachusetts	2	Franklin	Greenfield
2223	Massachusetts	2	Franklin	Greenfield
2222	Massachusetts	2	Franklin	Greenfield
2221	Massachusetts	2	Franklin	Greenfield
1894	Massachusetts	2	Franklin	Greenfield
2022	Massachusetts	2	Franklin	Greenfield
2740	Massachusetts	2	Franklin	Deerfield
2739	Massachusetts	2	Franklin	Deerfield
2738	Massachusetts	2	Franklin	Deerfield
3162	Massachusetts	2	Franklin	Deerfield
3261	Massachusetts	2	Franklin	Deerfield
3256	Massachusetts	2	Franklin	Deerfield
3069	Massachusetts	2	Franklin	Deerfield
3065	Massachusetts	2	Franklin	Deerfield
3072	Massachusetts	2	Franklin	Deerfield
3167	Massachusetts	2	Franklin	Deerfield
3165	Massachusetts	2	Franklin	Deerfield
3265	Massachusetts	2	Franklin	Deerfield
3259	Massachusetts	2	Franklin	Deerfield
3254	Massachusetts	2	Franklin	Deerfield
2999	Massachusetts	2	Franklin	Deerfield
2992	Massachusetts	2	Franklin	Deerfield
3194	Massachusetts	2	Franklin	Deerfield
3193	Massachusetts	2	Franklin	Deerfield
3307	Massachusetts	2	Franklin	Deerfield
3308	Massachusetts	2	Franklin	Deerfield
3092	Massachusetts	2	Franklin	Deerfield
3159	Massachusetts	2	Franklin	Deerfield
2851	Massachusetts	2	Franklin	Deerfield
2858	Massachusetts	2	Franklin	Deerfield
2994	Massachusetts	2	Franklin	Deerfield
2993	Massachusetts	2	Franklin	Deerfield
2850	Massachusetts	2	Franklin	Deerfield
3017	Massachusetts	2	Franklin	Deerfield
2856	Massachusetts	2	Franklin	Deerfield
2855	Massachusetts	2	Franklin	Deerfield
1748	Massachusetts	1	Franklin	Rowe
1747	Massachusetts	1	Franklin	Rowe
1671	Massachusetts	1	Franklin	Monroe
1745	Massachusetts	1	Franklin	Rowe
1659	Massachusetts	1	Franklin	Rowe
2151	Massachusetts	1	Franklin	Rowe
2153	Massachusetts	1	Franklin	Rowe
2103	Massachusetts	1	Franklin	Rowe
2008	Massachusetts	1	Franklin	Rowe
2010	Massachusetts	1	Franklin	Rowe
2009	Massachusetts	1	Franklin	Rowe
1681	Massachusetts	1	Franklin	Rowe
1874	Massachusetts	1	Franklin	Rowe
2623	Massachusetts	1	Franklin	Charlemont
2628	Massachusetts	1	Franklin	Charlemont
2627	Massachusetts	1	Franklin	Charlemont
2626	Massachusetts	1	Franklin	Charlemont
2624	Massachusetts	1	Franklin	Charlemont
2642	Massachusetts	1	Franklin	Charlemont
2200	Massachusetts	1	Franklin	Rowe
1513	Massachusetts	1	Franklin	Heath
2720	Massachusetts	1	Franklin	Charlemont
2500	Massachusetts	1	Franklin	Charlemont
2600	Massachusetts	1	Franklin	Charlemont
2599	Massachusetts	1	Franklin	Charlemont
2598	Massachusetts	1	Franklin	Charlemont
2071	Massachusetts	1	Franklin	Heath
2621	Massachusetts	1	Franklin	Charlemont
2619	Massachusetts	1	Franklin	Buckland
2203	Massachusetts	1	Franklin	Heath
2574	Massachusetts	1	Franklin	Charlemont
2355	Massachusetts	1	Franklin	Heath
2208	Massachusetts	1	Franklin	Heath
2350	Massachusetts	1	Franklin	Charlemont
2681	Massachusetts	1	Franklin	Buckland
2356	Massachusetts	1	Franklin	Charlemont
2679	Massachusetts	1	Franklin	Buckland
2566	Massachusetts	1	Franklin	Buckland
1951	Massachusetts	1	Franklin	Heath
2569	Massachusetts	1	Franklin	Charlemont
2570	Massachusetts	1	Franklin	Charlemont
2493	Massachusetts	1	Franklin	Buckland
2492	Massachusetts	1	Franklin	Buckland
1495	Massachusetts	1	Franklin	Colrain
3312	Massachusetts	1	Berkshire	Savoy
3396	Massachusetts	1	Berkshire	Savoy
3322	Massachusetts	1	Berkshire	Savoy
2870	Massachusetts	1	Berkshire	Savoy
3038	Massachusetts	1	Berkshire	Savoy
3043	Massachusetts	1	Berkshire	Savoy
3323	Massachusetts	1	Berkshire	Savoy
3115	Massachusetts	1	Berkshire	Savoy
3116	Massachusetts	1	Berkshire	Savoy
2929	Massachusetts	1	Berkshire	Savoy
2927	Massachusetts	1	Berkshire	Savoy
2965	Massachusetts	1	Berkshire	Savoy
2298	Massachusetts	1	Berkshire	Florida
2548	Massachusetts	1	Berkshire	Florida
2414	Massachusetts	1	Berkshire	Florida
2408	Massachusetts	1	Berkshire	Florida
2415	Massachusetts	1	Berkshire	Florida
2305	Massachusetts	1	Berkshire	Florida
2391	Massachusetts	1	Berkshire	Florida
2318	Massachusetts	1	Berkshire	Florida
2316	Massachusetts	1	Berkshire	Florida
2389	Massachusetts	1	Berkshire	Florida
2395	Massachusetts	1	Berkshire	Florida
2394	Massachusetts	1	Berkshire	Florida
2190	Massachusetts	1	Berkshire	Florida
2119	Massachusetts	1	Berkshire	Florida
1783	Massachusetts	1	Franklin	Monroe
2125	Massachusetts	1	Franklin	Rowe
2124	Massachusetts	1	Franklin	Rowe
2373	Massachusetts	1	Franklin	Rowe
1966	Massachusetts	1	Berkshire	Florida
2313	Massachusetts	1	Franklin	Rowe
1746	Massachusetts	1	Franklin	Rowe
3245	Massachusetts	1	Berkshire	Savoy
3329	Massachusetts	1	Berkshire	Savoy
3331	Massachusetts	1	Berkshire	Savoy
3330	Massachusetts	1	Berkshire	Savoy
3332	Massachusetts	1	Berkshire	Savoy
3410	Massachusetts	1	Berkshire	Savoy
3023	Massachusetts	1	Berkshire	Savoy
3028	Massachusetts	1	Franklin	Hawley
3274	Massachusetts	1	Franklin	Hawley
3413	Massachusetts	1	Franklin	Hawley
3415	Massachusetts	1	Franklin	Hawley
3414	Massachusetts	1	Franklin	Hawley
3294	Massachusetts	1	Franklin	Hawley
3293	Massachusetts	1	Franklin	Hawley
3292	Massachusetts	1	Franklin	Hawley
3497	Massachusetts	1	Hampshire	Plainfield
3500	Massachusetts	1	Hampshire	Plainfield
2876	Massachusetts	1	Franklin	Hawley
3403	Massachusetts	1	Franklin	Hawley
3228	Massachusetts	1	Franklin	Hawley
3006	Massachusetts	1	Franklin	Hawley
3230	Massachusetts	1	Franklin	Hawley
3227	Massachusetts	1	Franklin	Hawley
3223	Massachusetts	1	Franklin	Hawley
3226	Massachusetts	1	Franklin	Hawley
3003	Massachusetts	1	Franklin	Hawley
3225	Massachusetts	1	Franklin	Hawley
3224	Massachusetts	1	Franklin	Hawley
3345	Massachusetts	1	Franklin	Hawley
3005	Massachusetts	1	Franklin	Hawley
3004	Massachusetts	1	Franklin	Hawley
3219	Massachusetts	1	Franklin	Hawley
3222	Massachusetts	1	Franklin	Hawley
3377	Massachusetts	1	Franklin	Hawley
2827	Massachusetts	1	Franklin	Hawley
3374	Massachusetts	1	Franklin	Hawley
3373	Massachusetts	1	Franklin	Hawley
3379	Massachusetts	1	Franklin	Hawley
3384	Massachusetts	1	Franklin	Hawley
3389	Massachusetts	1	Franklin	Hawley
3139	Massachusetts	1	Franklin	Hawley
3388	Massachusetts	1	Franklin	Hawley
3381	Massachusetts	1	Franklin	Hawley
3386	Massachusetts	1	Franklin	Hawley
3400	Massachusetts	1	Franklin	Hawley
3078	Massachusetts	1	Franklin	Hawley
2972	Massachusetts	1	Franklin	Hawley
3182	Massachusetts	1	Franklin	Buckland
3154	Massachusetts	1	Franklin	Buckland
3217	Massachusetts	1	Franklin	Ashfield
2918	Massachusetts	1	Franklin	Buckland
2920	Massachusetts	1	Franklin	Buckland
3104	Massachusetts	1	Franklin	Buckland
2912	Massachusetts	1	Franklin	Buckland
2906	Massachusetts	1	Franklin	Buckland
3214	Massachusetts	1	Franklin	Ashfield
2860	Massachusetts	1	Franklin	Shelburne
3122	Massachusetts	1	Franklin	Conway
2731	Massachusetts	2	Franklin	Greenfield
2032	Massachusetts	2	Franklin	Greenfield
2730	Massachusetts	2	Franklin	Greenfield
1932	Massachusetts	1	Franklin	Colrain
2440	Massachusetts	1	Franklin	Charlemont
1670	Massachusetts	1	Franklin	Monroe
1965	Massachusetts	1	Berkshire	Florida
2898	Massachusetts	1	Franklin	Hawley
395	Vermont	1	Bennington	Searsburg
972	Vermont	2	Windham	Guilford
2332	Massachusetts	2	Franklin	Greenfield
1208	Vermont	1	Windham	Whitingham
695	Vermont	2	Windham	Halifax
2608	Massachusetts	1	Franklin	Buckland
1910	Massachusetts	1	Franklin	Colrain
167	Vermont	1	Windham	Somerset
1842	Massachusetts	1	Franklin	Colrain
2597	Massachusetts	1	Franklin	Charlemont
1766	Massachusetts	2	Franklin	Leyden
2820	Massachusetts	1	Franklin	Shelburne
29	Vermont	1	Windham	Stratton
1901	Massachusetts	1	Franklin	Rowe
3489	Massachusetts	1	Franklin	Ashfield
1364	Vermont	1	Bennington	Readsboro
276	Vermont	1	Windham	Wilmington
2789	Massachusetts	1	Berkshire	Savoy
1787	Massachusetts	1	Franklin	Monroe
3146	Massachusetts	1	Franklin	Hawley
3328	Massachusetts	1	Franklin	Conway
1032	Vermont	1	Windham	Whitingham
2956	Massachusetts	1	Berkshire	Savoy
1982	Massachusetts	1	Franklin	Rowe
910	Vermont	1	Windham	Whitingham
2689	Massachusetts	1	Franklin	Buckland
1767	Massachusetts	2	Franklin	Leyden
2074	Massachusetts	1	Franklin	Heath
3044	Massachusetts	1	Berkshire	Savoy
3356	Massachusetts	1	Franklin	Ashfield
3290	Massachusetts	1	Franklin	Hawley
2282	Massachusetts	2	Franklin	Greenfield
1024	Vermont	1	Windham	Whitingham
1454	Vermont	1	Windham	Whitingham
210	Vermont	1	Windham	Dover
461	Vermont	1	Bennington	Woodford
1365	Vermont	1	Bennington	Readsboro
1730	Massachusetts	1	Franklin	Colrain
371	Vermont	1	Windham	Wilmington
1211	Vermont	1	Windham	Whitingham
1436	Vermont	1	Windham	Whitingham
1048	Vermont	1	Bennington	Stamford
463	Vermont	1	Bennington	Woodford
